id,firstName,lastName,email,gender,contactNo,country,dob
1,Vihaan,Rao,vihaan.rao1@acme.com,Other,9.19753E+11,India,3/12/1973
2,Neha,Chatterjee,neha.chatterjee2@outlook.com,Other,3.35389E+11,France,1/2/1999
3,Rohit,Ghosh,rohit.ghosh3@globex.com,Female,4.97772E+11,Germany,10/21/1993
4,Sanya,Kapoor,sanya.kapoor4@gmail.com,Female,3.39799E+11,France,2/21/1974
5,Sai,Jain,sai.jain5@gmail.com,Other,4.94619E+11,Germany,10/14/1992
6,Nisha,Chatterjee,nisha.chatterjee6@globex.com,Other,4.97646E+11,Germany,4/2/1995
7,Amit,Gupta,amit.gupta7@umbrella-corp.com,Other,4.93333E+11,Germany,3/11/1985
8,Aarav,Khanna,aarav.khanna8@initech.com,Other,9.19828E+11,India,6/18/1971
9,Sanya,Patel,sanya.patel9@starkindustries.com,Other,4.98658E+11,Germany,3/2/1983
10,Priya,Malhotra,priya.malhotra10@yahoo.com,Female,6.17372E+11,Australia,1/8/1999
11,Rahul,Verma,rahul.verma11@wayneenterprises.com,Male,4.43902E+11,UK,10/1/1983
12,Sai,Agarwal,sai.agarwal12@starkindustries.com,Female,4.97717E+11,Germany,6/3/1996
13,Neha,Iyer,neha.iyer13@yahoo.com,Male,6.18574E+11,Australia,9/13/2004
14,Aarav,Malhotra,aarav.malhotra14@globex.com,Female,6.59892E+11,Singapore,6/21/1994
15,Aditya,Jain,aditya.jain15@globex.com,Other,9.16582E+11,India,2/27/1996
16,Sanya,Kapoor,sanya.kapoor16@initech.com,Male,17141099395,Canada,8/23/1996
17,Anita,Ghosh,anita.ghosh17@initech.com,Female,9.16715E+11,India,8/21/2003
18,Aarav,Kumar,aarav.kumar18@initech.com,Female,14089887590,USA,7/26/1997
19,Kavya,Verma,kavya.verma19@outlook.com,Female,6.18131E+11,Australia,3/15/1971
20,Pooja,Gupta,pooja.gupta20@umbrella-corp.com,Male,4.95746E+11,Germany,1/11/1985
21,Karan,Jain,karan.jain21@initech.com,Other,19385534083,Canada,6/11/2004
22,Sanya,Gupta,sanya.gupta22@outlook.com,Male,9.1973E+11,India,3/22/1989
23,Rahul,Bansal,rahul.bansal23@starkindustries.com,Other,4.49491E+11,UK,6/30/1989
24,Vivaan,Ghosh,vivaan.ghosh24@gmail.com,Other,3.35025E+11,France,8/12/1984
25,Anita,Banerjee,anita.banerjee25@outlook.com,Other,49813112884,Germany,10/24/2003
26,Vihaan,Patel,vihaan.patel26@gmail.com,Male,6.17854E+11,Australia,5/23/1982
27,Priya,Bansal,priya.bansal27@starkindustries.com,Other,4.98177E+11,Germany,6/14/1999
28,Aditya,Khanna,aditya.khanna28@wayneenterprises.com,Other,6.16086E+11,Australia,4/26/1973
29,Sai,Mehta,sai.mehta29@gmail.com,Other,3.37411E+11,France,12/7/1998
30,Vihaan,Banerjee,vihaan.banerjee30@umbrella-corp.com,Other,4.98853E+11,Germany,3/27/1971
31,Kavya,Agarwal,kavya.agarwal31@wayneenterprises.com,Male,19550277724,Canada,5/24/1990
32,Anjali,Singh,anjali.singh32@starkindustries.com,Male,9.17619E+11,India,3/7/1993
33,Sanya,Kapoor,sanya.kapoor33@initech.com,Other,6.57611E+11,Singapore,1/21/1990
34,Vihaan,Verma,vihaan.verma34@gmail.com,Other,13576429150,Canada,11/4/1997
35,Rahul,Kumar,rahul.kumar35@protonmail.com,Male,6.59244E+11,Singapore,3/17/1978
36,Aarav,Patel,aarav.patel36@outlook.com,Male,16381212467,Canada,1/5/1982
37,Amit,Kapoor,amit.kapoor37@gmail.com,Male,9.18977E+11,India,3/5/1980
38,Vihaan,Banerjee,vihaan.banerjee38@wayneenterprises.com,Female,13923305931,Canada,8/27/1973
39,Riya,Ghosh,riya.ghosh39@globex.com,Female,6.57383E+11,Singapore,1/4/2002
40,Sai,Kapoor,sai.kapoor40@acme.com,Female,6.19785E+11,Australia,3/19/1980
41,Anita,Kapoor,anita.kapoor41@protonmail.com,Other,4.91398E+11,Germany,5/23/1972
42,Anjali,Singh,anjali.singh42@outlook.com,Male,6.17049E+11,Australia,7/19/1994
43,Amit,Ghosh,amit.ghosh43@acme.com,Female,6.59998E+11,Singapore,3/6/1973
44,Anita,Verma,anita.verma44@globex.com,Female,3.36191E+11,France,7/29/1992
45,Neha,Iyer,neha.iyer45@initech.com,Male,4.99624E+11,Germany,9/2/1984
46,Arjun,Jain,arjun.jain46@starkindustries.com,Female,6.16758E+11,Australia,3/2/1999
47,Vivaan,Bansal,vivaan.bansal47@wayneenterprises.com,Other,14017197646,Canada,10/11/2003
48,Sanya,Banerjee,sanya.banerjee48@starkindustries.com,Female,4.92548E+11,Germany,6/12/1973
49,Aarav,Bansal,aarav.bansal49@initech.com,Female,4.99137E+11,Germany,8/11/1973
50,Rohit,Sharma,rohit.sharma50@umbrella-corp.com,Female,12783212777,Canada,10/2/1980
51,Anita,Sharma,anita.sharma51@acme.com,Other,4.47101E+11,UK,3/15/1999
52,Rohit,Patel,rohit.patel52@outlook.com,Other,4.95538E+11,Germany,7/27/1997
53,Karan,Malhotra,karan.malhotra53@wayneenterprises.com,Male,16104287212,USA,11/17/1982
54,Sai,Mehta,sai.mehta54@protonmail.com,Female,17309219719,USA,10/31/1988
55,Rohit,Sharma,rohit.sharma55@wayneenterprises.com,Female,6.59692E+11,Singapore,5/11/1981
56,Amit,Verma,amit.verma56@outlook.com,Male,4.49451E+11,UK,10/29/1988
57,Anita,Jain,anita.jain57@protonmail.com,Female,4.4953E+11,UK,1/18/1988
58,Rohit,Mehta,rohit.mehta58@protonmail.com,Male,9.16006E+11,India,4/26/1992
59,Vihaan,Jain,vihaan.jain59@initech.com,Male,17319217727,USA,5/13/1973
60,Aarav,Ghosh,aarav.ghosh60@globex.com,Female,6.58886E+11,Singapore,2/12/1982
61,Nisha,Kapoor,nisha.kapoor61@gmail.com,Female,4.44911E+11,UK,5/29/1990
62,Pooja,Mehta,pooja.mehta62@outlook.com,Male,4.45992E+11,UK,5/4/2004
63,Anjali,Patel,anjali.patel63@globex.com,Other,9.17287E+11,India,7/19/1999
64,Pooja,Ghosh,pooja.ghosh64@protonmail.com,Male,9.16166E+11,India,3/26/1991
65,Vihaan,Verma,vihaan.verma65@acme.com,Male,6.59797E+11,Singapore,9/24/1988
66,Sai,Sharma,sai.sharma66@gmail.com,Male,17849933964,Canada,3/15/1975
67,Aditya,Jain,aditya.jain67@yahoo.com,Other,6.16519E+11,Australia,2/14/1985
68,Rahul,Rao,rahul.rao68@protonmail.com,Male,9.18207E+11,India,11/20/1986
69,Rahul,Patel,rahul.patel69@yahoo.com,Other,9.16042E+11,India,12/24/1994
70,Anjali,Malhotra,anjali.malhotra70@gmail.com,Female,6.19272E+11,Australia,12/30/1988
71,Meera,Iyer,meera.iyer71@gmail.com,Male,4.94979E+11,Germany,6/28/1996
72,Rohit,Kapoor,rohit.kapoor72@protonmail.com,Other,6.59305E+11,Singapore,3/22/1975
73,Rahul,Kumar,rahul.kumar73@umbrella-corp.com,Male,14247448832,USA,12/30/1972
74,Nisha,Iyer,nisha.iyer74@starkindustries.com,Other,14669845502,USA,9/13/1989
75,Vihaan,Sharma,vihaan.sharma75@wayneenterprises.com,Other,9.19074E+11,India,4/7/2005
76,Meera,Singh,meera.singh76@outlook.com,Other,33181774980,France,8/21/1983
77,Karan,Singh,karan.singh77@umbrella-corp.com,Female,4.92854E+11,Germany,6/13/2000
78,Rohit,Jain,rohit.jain78@acme.com,Other,15488921298,USA,7/11/1995
79,Aarav,Chatterjee,aarav.chatterjee79@outlook.com,Other,14375975981,USA,10/18/1998
80,Rohit,Kapoor,rohit.kapoor80@outlook.com,Other,17595579394,Canada,11/18/1999
81,Anjali,Das,anjali.das81@protonmail.com,Female,3.34538E+11,France,4/16/1970
82,Rahul,Ahuja,rahul.ahuja82@starkindustries.com,Other,4.47308E+11,UK,4/13/1997
83,Priya,Bansal,priya.bansal83@yahoo.com,Female,4.97636E+11,Germany,1/11/1974
84,Vivaan,Rao,vivaan.rao84@acme.com,Male,9.18925E+11,India,5/16/1995
85,Nisha,Mehta,nisha.mehta85@globex.com,Other,6.59199E+11,Singapore,11/18/1972
86,Meera,Ghosh,meera.ghosh86@acme.com,Male,6.16756E+11,Australia,12/11/1990
87,Neha,Bansal,neha.bansal87@acme.com,Female,15003236178,Canada,4/8/1986
88,Anita,Agarwal,anita.agarwal88@wayneenterprises.com,Female,12428523006,Canada,8/17/2005
89,Neha,Khanna,neha.khanna89@umbrella-corp.com,Other,16137943474,Canada,10/24/1973
90,Aditya,Chatterjee,aditya.chatterjee90@initech.com,Female,6.18148E+11,Australia,9/25/1975
91,Arjun,Mehta,arjun.mehta91@protonmail.com,Male,4.97227E+11,Germany,12/10/2003
92,Anita,Malhotra,anita.malhotra92@outlook.com,Female,14342114325,Canada,9/14/2004
93,Vivaan,Jain,vivaan.jain93@protonmail.com,Male,13659768767,Canada,1/23/1982
94,Vihaan,Sharma,vihaan.sharma94@globex.com,Male,9.17842E+11,India,9/15/1985
95,Nisha,Das,nisha.das95@protonmail.com,Male,6.5862E+11,Singapore,11/13/1976
96,Arjun,Sharma,arjun.sharma96@globex.com,Other,6.5676E+11,Singapore,2/20/1973
97,Pooja,Patel,pooja.patel97@wayneenterprises.com,Female,4.99248E+11,Germany,10/12/1974
98,Aditya,Khanna,aditya.khanna98@acme.com,Other,3.3534E+11,France,10/21/1993
99,Neha,Malhotra,neha.malhotra99@outlook.com,Male,12045996160,Canada,11/28/2003
100,Arjun,Verma,arjun.verma100@yahoo.com,Other,3.3471E+11,France,11/9/1972
101,Rohit,Chatterjee,rohit.chatterjee101@gmail.com,Female,4.93251E+11,Germany,8/13/1993
102,Pooja,Gupta,pooja.gupta102@outlook.com,Male,6.19692E+11,Australia,4/19/1977
103,Meera,Sharma,meera.sharma103@starkindustries.com,Female,17462202292,Canada,10/18/1998
104,Karan,Banerjee,karan.banerjee104@outlook.com,Other,6.58678E+11,Singapore,11/1/2005
105,Rohit,Kumar,rohit.kumar105@protonmail.com,Other,4.45041E+11,UK,2/8/1976
106,Meera,Kapoor,meera.kapoor106@gmail.com,Female,13220716683,USA,10/26/1989
107,Rohit,Ghosh,rohit.ghosh107@protonmail.com,Other,3.34596E+11,France,5/19/1971
108,Karan,Ahuja,karan.ahuja108@acme.com,Male,4.47717E+11,UK,11/14/1983
109,Vivaan,Khanna,vivaan.khanna109@wayneenterprises.com,Other,3.36279E+11,France,11/20/1984
110,Priya,Gupta,priya.gupta110@wayneenterprises.com,Other,12655879056,USA,8/3/1986
111,Sanya,Ahuja,sanya.ahuja111@protonmail.com,Other,6.1939E+11,Australia,9/13/1997
112,Vivaan,Iyer,vivaan.iyer112@yahoo.com,Other,6.58465E+11,Singapore,9/14/1973
113,Priya,Kumar,priya.kumar113@outlook.com,Other,13182244660,USA,8/21/1979
114,Neha,Mehta,neha.mehta114@initech.com,Other,12047115248,USA,6/13/1986
115,Amit,Rao,amit.rao115@acme.com,Other,4.97968E+11,Germany,5/31/1981
116,Neha,Banerjee,neha.banerjee116@protonmail.com,Other,4.44443E+11,UK,11/2/2002
117,Sai,Das,sai.das117@starkindustries.com,Female,9.17701E+11,India,6/7/1999
118,Nisha,Khanna,nisha.khanna118@wayneenterprises.com,Male,4.92418E+11,Germany,10/14/1980
119,Priya,Kapoor,priya.kapoor119@protonmail.com,Male,6.5975E+11,Singapore,3/29/1994
120,Karan,Kumar,karan.kumar120@yahoo.com,Female,3.39106E+11,France,6/15/2001
121,Riya,Jain,riya.jain121@globex.com,Male,4.47811E+11,UK,12/5/1985
122,Sanya,Ghosh,sanya.ghosh122@protonmail.com,Other,6.19597E+11,Australia,8/12/2000
123,Rahul,Das,rahul.das123@outlook.com,Other,16534952687,USA,10/10/1972
124,Meera,Jain,meera.jain124@wayneenterprises.com,Male,6.18346E+11,Australia,6/9/1979
125,Riya,Chatterjee,riya.chatterjee125@starkindustries.com,Other,44665010125,UK,11/12/1982
126,Anjali,Bansal,anjali.bansal126@gmail.com,Female,4.42166E+11,UK,5/1/2005
127,Nisha,Chatterjee,nisha.chatterjee127@wayneenterprises.com,Other,6.56191E+11,Singapore,4/20/1976
128,Aarav,Patel,aarav.patel128@protonmail.com,Male,49302689267,Germany,1/18/1999
129,Vivaan,Khanna,vivaan.khanna129@globex.com,Female,6.19286E+11,Australia,4/10/1990
130,Pooja,Banerjee,pooja.banerjee130@outlook.com,Male,13357523491,USA,6/18/1982
131,Priya,Mehta,priya.mehta131@starkindustries.com,Male,16258164473,USA,4/20/1977
132,Sanya,Bansal,sanya.bansal132@yahoo.com,Other,3.36945E+11,France,3/27/2004
133,Anjali,Mehta,anjali.mehta133@wayneenterprises.com,Female,18345113636,USA,6/11/1976
134,Sai,Iyer,sai.iyer134@wayneenterprises.com,Male,4.4533E+11,UK,5/9/2004
135,Aditya,Jain,aditya.jain135@outlook.com,Female,16171185329,Canada,6/7/1988
136,Sanya,Kapoor,sanya.kapoor136@wayneenterprises.com,Other,3.35456E+11,France,6/6/1972
137,Priya,Malhotra,priya.malhotra137@initech.com,Other,6.18792E+11,Australia,1/2/1990
138,Neha,Bansal,neha.bansal138@globex.com,Other,4.95051E+11,Germany,11/3/2003
139,Anita,Sharma,anita.sharma139@umbrella-corp.com,Other,6.17914E+11,Australia,9/26/1976
140,Rahul,Khanna,rahul.khanna140@gmail.com,Male,4.98697E+11,Germany,10/21/1992
141,Amit,Patel,amit.patel141@wayneenterprises.com,Female,6.18881E+11,Australia,4/1/1990
142,Arjun,Mehta,arjun.mehta142@yahoo.com,Other,6.16619E+11,Australia,9/5/1991
143,Nisha,Khanna,nisha.khanna143@umbrella-corp.com,Other,44958865797,UK,9/7/1993
144,Anjali,Khanna,anjali.khanna144@globex.com,Male,6.56458E+11,Singapore,4/3/1973
145,Sai,Verma,sai.verma145@umbrella-corp.com,Male,4.97788E+11,Germany,12/30/1988
146,Meera,Rao,meera.rao146@yahoo.com,Other,15478619313,Canada,12/26/1971
147,Nisha,Malhotra,nisha.malhotra147@acme.com,Other,4.45334E+11,UK,3/30/1971
148,Karan,Rao,karan.rao148@umbrella-corp.com,Female,6.56874E+11,Singapore,1/15/1987
149,Priya,Mehta,priya.mehta149@acme.com,Female,9.16219E+11,India,7/5/2003
150,Arjun,Verma,arjun.verma150@outlook.com,Other,4.9823E+11,Germany,9/13/1994
151,Riya,Singh,riya.singh151@starkindustries.com,Female,6.1952E+11,Australia,11/22/1999
152,Pooja,Iyer,pooja.iyer152@gmail.com,Male,16375753282,Canada,4/7/2004
153,Aditya,Agarwal,aditya.agarwal153@protonmail.com,Female,4.48485E+11,UK,12/9/1980
154,Rohit,Bansal,rohit.bansal154@umbrella-corp.com,Male,9.18776E+11,India,6/15/1978
155,Aditya,Kumar,aditya.kumar155@outlook.com,Male,6.59172E+11,Singapore,7/7/1973
156,Neha,Mehta,neha.mehta156@wayneenterprises.com,Male,3.36831E+11,France,3/11/2005
157,Vihaan,Kapoor,vihaan.kapoor157@initech.com,Other,3.31872E+11,France,11/15/1998
158,Aarav,Das,aarav.das158@umbrella-corp.com,Other,4.4456E+11,UK,3/2/1991
159,Karan,Ghosh,karan.ghosh159@wayneenterprises.com,Female,6.567E+11,Singapore,7/19/1999
160,Kavya,Kapoor,kavya.kapoor160@protonmail.com,Other,15173570118,Canada,4/23/2002
161,Neha,Iyer,neha.iyer161@acme.com,Female,16277066838,USA,12/7/2001
162,Aarav,Chatterjee,aarav.chatterjee162@globex.com,Other,6.18219E+11,Australia,3/19/1998
163,Nisha,Verma,nisha.verma163@outlook.com,Male,15651513117,Canada,1/15/1995
164,Sai,Ghosh,sai.ghosh164@initech.com,Other,3.38505E+11,France,7/29/1988
165,Kavya,Malhotra,kavya.malhotra165@acme.com,Male,3.33386E+11,France,3/16/1983
166,Aditya,Kapoor,aditya.kapoor166@acme.com,Male,3.34891E+11,France,10/3/1972
167,Neha,Malhotra,neha.malhotra167@protonmail.com,Male,6.18692E+11,Australia,11/25/1995
168,Amit,Rao,amit.rao168@outlook.com,Female,4.4543E+11,UK,3/27/1971
169,Anjali,Kumar,anjali.kumar169@gmail.com,Other,4.45142E+11,UK,6/28/1977
170,Anita,Rao,anita.rao170@gmail.com,Female,4.42151E+11,UK,7/11/1977
171,Rohit,Kumar,rohit.kumar171@protonmail.com,Male,17721629600,Canada,9/27/1979
172,Aarav,Mehta,aarav.mehta172@initech.com,Other,4.4182E+11,UK,10/5/1980
173,Rohit,Mehta,rohit.mehta173@initech.com,Male,6.18205E+11,Australia,9/15/1982
174,Nisha,Das,nisha.das174@protonmail.com,Male,4.94857E+11,Germany,9/8/1986
175,Sai,Iyer,sai.iyer175@wayneenterprises.com,Female,12095288544,USA,9/9/1997
176,Priya,Patel,priya.patel176@starkindustries.com,Male,3.36227E+11,France,6/2/1974
177,Sanya,Mehta,sanya.mehta177@protonmail.com,Male,19339406382,USA,1/14/1976
178,Arjun,Patel,arjun.patel178@yahoo.com,Female,3.32281E+11,France,9/28/1972
179,Meera,Iyer,meera.iyer179@yahoo.com,Female,4.95585E+11,Germany,11/17/1987
180,Priya,Sharma,priya.sharma180@gmail.com,Other,3.39162E+11,France,10/20/1992
181,Nisha,Rao,nisha.rao181@gmail.com,Male,14042530366,Canada,12/20/1976
182,Vihaan,Kumar,vihaan.kumar182@wayneenterprises.com,Other,9.18632E+11,India,7/7/1972
183,Arjun,Iyer,arjun.iyer183@yahoo.com,Other,3.3184E+11,France,5/11/2004
184,Arjun,Kapoor,arjun.kapoor184@outlook.com,Other,9.18985E+11,India,6/18/1973
185,Anita,Ahuja,anita.ahuja185@yahoo.com,Male,3.3975E+11,France,10/15/2004
186,Meera,Jain,meera.jain186@outlook.com,Male,6.57963E+11,Singapore,6/25/1999
187,Rohit,Mehta,rohit.mehta187@initech.com,Male,6.57664E+11,Singapore,2/5/1986
188,Amit,Bansal,amit.bansal188@acme.com,Other,6.19451E+11,Australia,7/27/1973
189,Sai,Verma,sai.verma189@protonmail.com,Other,44365671508,UK,2/9/1972
190,Anjali,Mehta,anjali.mehta190@umbrella-corp.com,Other,15203475560,Canada,4/14/1997
191,Sai,Patel,sai.patel191@umbrella-corp.com,Female,49745162792,Germany,1/26/1990
192,Pooja,Ghosh,pooja.ghosh192@gmail.com,Other,6.59993E+11,Singapore,7/31/1994
193,Anita,Sharma,anita.sharma193@initech.com,Female,4.91958E+11,Germany,1/19/1983
194,Rahul,Banerjee,rahul.banerjee194@umbrella-corp.com,Male,6.16166E+11,Australia,12/7/1976
195,Karan,Ahuja,karan.ahuja195@starkindustries.com,Male,9.19252E+11,India,2/4/1971
196,Priya,Agarwal,priya.agarwal196@outlook.com,Other,9.16075E+11,India,5/1/1988
197,Pooja,Chatterjee,pooja.chatterjee197@yahoo.com,Other,4.98182E+11,Germany,12/3/1992
198,Meera,Ghosh,meera.ghosh198@yahoo.com,Female,9.1803E+11,India,4/14/1988
199,Sai,Das,sai.das199@initech.com,Male,16020880944,USA,4/5/1970
200,Kavya,Bansal,kavya.bansal200@wayneenterprises.com,Female,3.32345E+11,France,3/3/1999
201,Kavya,Jain,kavya.jain201@wayneenterprises.com,Other,4.41436E+11,UK,4/5/1989
202,Priya,Kumar,priya.kumar202@yahoo.com,Female,3.3299E+11,France,11/23/1983
203,Aditya,Verma,aditya.verma203@gmail.com,Male,12648095345,Canada,12/20/1977
204,Amit,Ghosh,amit.ghosh204@starkindustries.com,Other,6.56918E+11,Singapore,5/7/2001
205,Riya,Verma,riya.verma205@wayneenterprises.com,Male,4.43127E+11,UK,8/18/1997
206,Nisha,Banerjee,nisha.banerjee206@umbrella-corp.com,Other,6.17792E+11,Australia,2/28/1978
207,Sai,Banerjee,sai.banerjee207@starkindustries.com,Female,4.43431E+11,UK,12/16/2002
208,Anita,Jain,anita.jain208@initech.com,Female,9.16634E+11,India,6/9/1998
209,Arjun,Agarwal,arjun.agarwal209@wayneenterprises.com,Male,17482945847,USA,12/4/2001
210,Kavya,Malhotra,kavya.malhotra210@acme.com,Other,19290033565,USA,1/4/1985
211,Aditya,Ghosh,aditya.ghosh211@acme.com,Other,3.35902E+11,France,8/20/1997
212,Rohit,Patel,rohit.patel212@umbrella-corp.com,Other,14541546214,USA,6/14/2003
213,Kavya,Patel,kavya.patel213@wayneenterprises.com,Male,49568833816,Germany,6/9/1979
214,Kavya,Das,kavya.das214@protonmail.com,Male,15830940329,USA,7/22/1977
215,Sai,Singh,sai.singh215@wayneenterprises.com,Other,4.9274E+11,Germany,1/24/1970
216,Aarav,Khanna,aarav.khanna216@outlook.com,Female,14600243451,Canada,11/6/1977
217,Vivaan,Bansal,vivaan.bansal217@initech.com,Male,6.16721E+11,Australia,10/23/1981
218,Vivaan,Gupta,vivaan.gupta218@initech.com,Male,16699731147,USA,11/21/1981
219,Anjali,Jain,anjali.jain219@initech.com,Male,3.39271E+11,France,3/18/1996
220,Amit,Kapoor,amit.kapoor220@acme.com,Other,9.19216E+11,India,4/24/1976
221,Riya,Kumar,riya.kumar221@acme.com,Female,15184686207,Canada,3/22/1999
222,Aarav,Mehta,aarav.mehta222@umbrella-corp.com,Male,4.41131E+11,UK,11/19/1972
223,Rohit,Bansal,rohit.bansal223@yahoo.com,Male,4.42456E+11,UK,8/31/1979
224,Aditya,Mehta,aditya.mehta224@globex.com,Female,16829472422,Canada,10/13/1973
225,Neha,Patel,neha.patel225@acme.com,Male,3.33189E+11,France,7/31/1972
226,Riya,Ahuja,riya.ahuja226@wayneenterprises.com,Male,17056452158,USA,5/8/2004
227,Sai,Kapoor,sai.kapoor227@protonmail.com,Female,3.39309E+11,France,1/7/1987
228,Sai,Malhotra,sai.malhotra228@yahoo.com,Female,6.56694E+11,Singapore,6/15/1988
229,Vivaan,Bansal,vivaan.bansal229@umbrella-corp.com,Other,6.56487E+11,Singapore,12/24/2000
230,Nisha,Iyer,nisha.iyer230@starkindustries.com,Other,14520068993,Canada,3/27/1977
231,Kavya,Verma,kavya.verma231@yahoo.com,Other,15407788129,Canada,8/28/1971
232,Anita,Kapoor,anita.kapoor232@initech.com,Female,33918712691,France,10/17/2003
233,Sanya,Iyer,sanya.iyer233@yahoo.com,Female,13524478600,USA,7/28/2004
234,Neha,Kumar,neha.kumar234@umbrella-corp.com,Other,17639946239,USA,8/1/1978
235,Aarav,Bansal,aarav.bansal235@acme.com,Male,33859413828,France,1/16/1976
236,Arjun,Kumar,arjun.kumar236@yahoo.com,Other,44502473020,UK,4/20/1983
237,Riya,Sharma,riya.sharma237@acme.com,Other,9.1775E+11,India,9/14/1979
238,Vivaan,Mehta,vivaan.mehta238@outlook.com,Other,6.18709E+11,Australia,1/23/1995
239,Vivaan,Kapoor,vivaan.kapoor239@acme.com,Other,9.18625E+11,India,6/17/1997
240,Aditya,Patel,aditya.patel240@umbrella-corp.com,Female,15707052395,Canada,4/20/2000
241,Sanya,Kapoor,sanya.kapoor241@protonmail.com,Other,4.41956E+11,UK,6/3/1970
242,Vivaan,Kumar,vivaan.kumar242@globex.com,Female,18573704899,USA,11/14/1997
243,Vihaan,Gupta,vihaan.gupta243@outlook.com,Female,4.45107E+11,UK,7/29/1976
244,Sai,Jain,sai.jain244@acme.com,Other,6.59669E+11,Singapore,8/23/1997
245,Kavya,Gupta,kavya.gupta245@yahoo.com,Female,3.35249E+11,France,10/3/2002
246,Vivaan,Chatterjee,vivaan.chatterjee246@initech.com,Female,12826632537,USA,6/9/1991
247,Sai,Mehta,sai.mehta247@wayneenterprises.com,Male,14532860162,Canada,11/16/1996
248,Priya,Sharma,priya.sharma248@outlook.com,Female,3.39117E+11,France,1/19/1975
249,Arjun,Iyer,arjun.iyer249@yahoo.com,Female,44389459637,UK,11/4/1986
250,Aditya,Mehta,aditya.mehta250@umbrella-corp.com,Male,17648138850,USA,1/8/1982
251,Anjali,Khanna,anjali.khanna251@outlook.com,Female,6.16676E+11,Australia,9/18/1987
252,Neha,Sharma,neha.sharma252@globex.com,Other,3.38352E+11,France,12/15/1991
253,Pooja,Ghosh,pooja.ghosh253@globex.com,Female,3.35884E+11,France,11/14/1972
254,Neha,Jain,neha.jain254@gmail.com,Other,6.16646E+11,Australia,12/12/1977
255,Anjali,Gupta,anjali.gupta255@yahoo.com,Female,4.44809E+11,UK,7/28/2004
256,Sanya,Bansal,sanya.bansal256@protonmail.com,Female,6.19954E+11,Australia,11/4/1974
257,Sanya,Patel,sanya.patel257@initech.com,Female,15661677166,USA,3/31/1999
258,Amit,Patel,amit.patel258@outlook.com,Female,3.32312E+11,France,4/23/2004
259,Anjali,Iyer,anjali.iyer259@starkindustries.com,Other,6.59476E+11,Singapore,12/5/1987
260,Riya,Malhotra,riya.malhotra260@protonmail.com,Male,6.18595E+11,Australia,3/29/1988
261,Rohit,Agarwal,rohit.agarwal261@globex.com,Other,6.16606E+11,Australia,7/8/1987
262,Sai,Agarwal,sai.agarwal262@starkindustries.com,Male,15817272977,USA,7/1/2001
263,Kavya,Rao,kavya.rao263@globex.com,Female,6.19452E+11,Australia,10/25/1989
264,Karan,Malhotra,karan.malhotra264@globex.com,Male,4.42745E+11,UK,8/7/1989
265,Rohit,Singh,rohit.singh265@outlook.com,Male,9.18765E+11,India,1/26/1989
266,Kavya,Sharma,kavya.sharma266@acme.com,Other,4.95485E+11,Germany,8/8/2003
267,Nisha,Chatterjee,nisha.chatterjee267@gmail.com,Other,4.472E+11,UK,2/13/1983
268,Amit,Ahuja,amit.ahuja268@protonmail.com,Other,6.16776E+11,Australia,5/23/1972
269,Rahul,Kapoor,rahul.kapoor269@globex.com,Female,6.59638E+11,Singapore,5/2/1981
270,Rahul,Patel,rahul.patel270@globex.com,Other,6.59793E+11,Singapore,3/15/1975
271,Meera,Banerjee,meera.banerjee271@starkindustries.com,Female,14235852409,Canada,11/5/1992
272,Riya,Ghosh,riya.ghosh272@protonmail.com,Other,4.98609E+11,Germany,6/24/1996
273,Sai,Verma,sai.verma273@globex.com,Other,13977559298,USA,9/2/2003
274,Sanya,Chatterjee,sanya.chatterjee274@protonmail.com,Other,4.96557E+11,Germany,4/9/1980
275,Meera,Chatterjee,meera.chatterjee275@protonmail.com,Female,3.38021E+11,France,9/12/1971
276,Amit,Iyer,amit.iyer276@protonmail.com,Female,14112658586,USA,8/1/1986
277,Rohit,Verma,rohit.verma277@starkindustries.com,Female,6.59137E+11,Singapore,4/13/1982
278,Karan,Sharma,karan.sharma278@umbrella-corp.com,Male,13138564549,Canada,6/10/2000
279,Karan,Kumar,karan.kumar279@globex.com,Other,6.16786E+11,Australia,6/1/1976
280,Pooja,Agarwal,pooja.agarwal280@initech.com,Other,9.16235E+11,India,5/10/1978
281,Rohit,Jain,rohit.jain281@starkindustries.com,Female,4.9616E+11,Germany,12/1/1988
282,Anjali,Kumar,anjali.kumar282@yahoo.com,Other,9.19799E+11,India,6/12/1980
283,Priya,Kumar,priya.kumar283@initech.com,Female,16834763491,USA,2/22/2003
284,Pooja,Khanna,pooja.khanna284@wayneenterprises.com,Female,6.16053E+11,Australia,3/17/1979
285,Anita,Rao,anita.rao285@wayneenterprises.com,Other,13222849482,Canada,8/2/1978
286,Rahul,Verma,rahul.verma286@globex.com,Male,3.3766E+11,France,4/20/1970
287,Arjun,Agarwal,arjun.agarwal287@yahoo.com,Male,4.48543E+11,UK,10/12/1992
288,Nisha,Patel,nisha.patel288@initech.com,Male,6.5766E+11,Singapore,3/16/1974
289,Karan,Ghosh,karan.ghosh289@globex.com,Male,4.45249E+11,UK,4/10/2000
290,Sai,Jain,sai.jain290@starkindustries.com,Other,3.34195E+11,France,5/23/1986
291,Aarav,Kumar,aarav.kumar291@gmail.com,Female,6.57585E+11,Singapore,2/6/1970
292,Aditya,Kumar,aditya.kumar292@gmail.com,Male,13498416113,USA,2/20/2003
293,Aarav,Singh,aarav.singh293@wayneenterprises.com,Male,3.31471E+11,France,5/30/1990
294,Meera,Khanna,meera.khanna294@protonmail.com,Female,6.17911E+11,Australia,1/4/1997
295,Rohit,Sharma,rohit.sharma295@wayneenterprises.com,Other,15913314184,Canada,2/15/1977
296,Aditya,Malhotra,aditya.malhotra296@umbrella-corp.com,Female,18903029544,USA,5/19/1996
297,Neha,Singh,neha.singh297@globex.com,Male,3.38879E+11,France,10/12/1998
298,Sanya,Singh,sanya.singh298@initech.com,Other,4.97106E+11,Germany,11/19/1986
299,Pooja,Sharma,pooja.sharma299@outlook.com,Female,6.16813E+11,Australia,6/17/1978
300,Sanya,Gupta,sanya.gupta300@globex.com,Male,6.16405E+11,Australia,7/11/1990
301,Priya,Ahuja,priya.ahuja301@wayneenterprises.com,Male,3.31742E+11,France,7/22/1983
302,Karan,Bansal,karan.bansal302@initech.com,Male,14837767613,USA,8/1/1997
303,Anjali,Bansal,anjali.bansal303@starkindustries.com,Female,4.46638E+11,UK,10/3/1990
304,Karan,Malhotra,karan.malhotra304@yahoo.com,Male,9.19546E+11,India,8/25/1979
305,Neha,Singh,neha.singh305@protonmail.com,Other,6.57344E+11,Singapore,3/13/1994
306,Anjali,Gupta,anjali.gupta306@starkindustries.com,Male,6.16873E+11,Australia,4/14/1990
307,Rohit,Khanna,rohit.khanna307@protonmail.com,Female,4.964E+11,Germany,6/24/1974
308,Neha,Ahuja,neha.ahuja308@globex.com,Other,3.3547E+11,France,1/4/2000
309,Anjali,Das,anjali.das309@gmail.com,Male,6.59909E+11,Singapore,1/24/1979
310,Aarav,Jain,aarav.jain310@starkindustries.com,Male,6.16456E+11,Australia,11/5/2000
311,Vihaan,Bansal,vihaan.bansal311@globex.com,Male,3.37639E+11,France,8/6/1995
312,Aarav,Verma,aarav.verma312@yahoo.com,Other,3.36081E+11,France,5/24/1998
313,Amit,Singh,amit.singh313@wayneenterprises.com,Male,6.19567E+11,Australia,10/16/1994
314,Aarav,Kapoor,aarav.kapoor314@gmail.com,Other,17998641711,USA,11/19/1999
315,Karan,Das,karan.das315@umbrella-corp.com,Male,14103221217,Canada,9/23/1983
316,Vivaan,Chatterjee,vivaan.chatterjee316@wayneenterprises.com,Other,17086741099,USA,1/12/1993
317,Sanya,Kapoor,sanya.kapoor317@protonmail.com,Male,4.4758E+11,UK,4/13/2004
318,Karan,Khanna,karan.khanna318@umbrella-corp.com,Male,17295991502,USA,1/28/1995
319,Pooja,Agarwal,pooja.agarwal319@protonmail.com,Other,15451683516,USA,12/16/1992
320,Anita,Agarwal,anita.agarwal320@outlook.com,Male,6.57803E+11,Singapore,12/31/1989
321,Sai,Ahuja,sai.ahuja321@gmail.com,Female,16500682913,USA,11/5/1972
322,Priya,Malhotra,priya.malhotra322@outlook.com,Male,3.35641E+11,France,4/9/1997
323,Sanya,Khanna,sanya.khanna323@starkindustries.com,Male,18863874590,Canada,1/21/1998
324,Nisha,Agarwal,nisha.agarwal324@starkindustries.com,Other,4.96873E+11,Germany,9/23/2000
325,Karan,Bansal,karan.bansal325@acme.com,Male,17220422683,Canada,5/5/1986
326,Riya,Das,riya.das326@gmail.com,Male,3.37098E+11,France,10/26/1988
327,Kavya,Iyer,kavya.iyer327@wayneenterprises.com,Other,9.16875E+11,India,7/5/1997
328,Neha,Mehta,neha.mehta328@umbrella-corp.com,Other,6.18675E+11,Australia,10/5/1995
329,Aarav,Chatterjee,aarav.chatterjee329@wayneenterprises.com,Female,9.18944E+11,India,9/20/1977
330,Vihaan,Kumar,vihaan.kumar330@outlook.com,Other,16337801016,USA,10/16/1992
331,Neha,Singh,neha.singh331@yahoo.com,Female,15349320814,Canada,4/29/1972
332,Nisha,Chatterjee,nisha.chatterjee332@umbrella-corp.com,Male,4.94323E+11,Germany,12/17/1976
333,Priya,Sharma,priya.sharma333@protonmail.com,Male,3.34879E+11,France,11/14/2001
334,Neha,Ahuja,neha.ahuja334@globex.com,Female,19089877797,USA,4/27/1976
335,Vihaan,Mehta,vihaan.mehta335@protonmail.com,Female,12543085095,Canada,1/17/1976
336,Aditya,Ghosh,aditya.ghosh336@yahoo.com,Female,6.56713E+11,Singapore,6/7/1971
337,Aarav,Ahuja,aarav.ahuja337@acme.com,Male,6.56384E+11,Singapore,4/14/1977
338,Anjali,Sharma,anjali.sharma338@acme.com,Other,15059496679,USA,4/11/1980
339,Anita,Chatterjee,anita.chatterjee339@protonmail.com,Female,3.3939E+11,France,5/16/1999
340,Anita,Kapoor,anita.kapoor340@umbrella-corp.com,Male,19504094990,Canada,10/5/1994
341,Priya,Das,priya.das341@yahoo.com,Other,9.18501E+11,India,2/21/2002
342,Kavya,Ahuja,kavya.ahuja342@globex.com,Female,6.5868E+11,Singapore,3/19/1992
343,Sai,Sharma,sai.sharma343@starkindustries.com,Male,6.58313E+11,Singapore,5/5/1970
344,Rohit,Malhotra,rohit.malhotra344@initech.com,Male,15962094273,USA,12/28/1998
345,Rahul,Banerjee,rahul.banerjee345@initech.com,Other,9.18181E+11,India,11/14/1994
346,Anita,Gupta,anita.gupta346@wayneenterprises.com,Male,6.56382E+11,Singapore,10/2/1971
347,Aarav,Patel,aarav.patel347@outlook.com,Other,33789914570,France,1/2/2004
348,Rahul,Singh,rahul.singh348@umbrella-corp.com,Female,4.44333E+11,UK,1/15/1986
349,Kavya,Patel,kavya.patel349@umbrella-corp.com,Female,6.56499E+11,Singapore,9/10/1974
350,Anita,Gupta,anita.gupta350@globex.com,Other,6.56818E+11,Singapore,12/25/1988
351,Vihaan,Malhotra,vihaan.malhotra351@yahoo.com,Other,9.18318E+11,India,8/11/1978
352,Rohit,Rao,rohit.rao352@wayneenterprises.com,Male,3.39095E+11,France,8/2/1998
353,Sai,Ghosh,sai.ghosh353@protonmail.com,Other,6.17351E+11,Australia,8/9/1972
354,Nisha,Kumar,nisha.kumar354@wayneenterprises.com,Other,6.18943E+11,Australia,1/8/1984
355,Sanya,Malhotra,sanya.malhotra355@protonmail.com,Other,18209591743,Canada,3/22/1986
356,Sai,Verma,sai.verma356@protonmail.com,Male,9.17373E+11,India,12/24/1988
357,Sanya,Chatterjee,sanya.chatterjee357@globex.com,Female,6.19477E+11,Australia,5/30/1975
358,Sanya,Malhotra,sanya.malhotra358@protonmail.com,Female,4.47585E+11,UK,11/22/1979
359,Sai,Bansal,sai.bansal359@acme.com,Other,6.57422E+11,Singapore,9/29/1973
360,Priya,Singh,priya.singh360@acme.com,Female,13527104436,Canada,5/23/1971
361,Rohit,Gupta,rohit.gupta361@starkindustries.com,Female,6.58193E+11,Singapore,7/3/1973
362,Neha,Banerjee,neha.banerjee362@umbrella-corp.com,Other,9.18189E+11,India,6/17/1985
363,Priya,Patel,priya.patel363@initech.com,Male,16533676893,Canada,5/28/2000
364,Nisha,Gupta,nisha.gupta364@globex.com,Other,6.56082E+11,Singapore,6/9/2004
365,Riya,Sharma,riya.sharma365@gmail.com,Female,4.99564E+11,Germany,4/4/1998
366,Sai,Bansal,sai.bansal366@yahoo.com,Male,15003849727,Canada,9/13/2002
367,Arjun,Kapoor,arjun.kapoor367@acme.com,Other,13431988358,Canada,11/12/2003
368,Nisha,Singh,nisha.singh368@yahoo.com,Female,4.91451E+11,Germany,3/16/1990
369,Aditya,Mehta,aditya.mehta369@globex.com,Female,3.36617E+11,France,3/2/2005
370,Anjali,Sharma,anjali.sharma370@wayneenterprises.com,Female,4.42668E+11,UK,10/1/1977
371,Kavya,Banerjee,kavya.banerjee371@protonmail.com,Other,3.31709E+11,France,7/11/1992
372,Kavya,Mehta,kavya.mehta372@initech.com,Male,14709924829,Canada,7/1/1971
373,Aditya,Chatterjee,aditya.chatterjee373@protonmail.com,Male,3.33418E+11,France,11/21/1973
374,Riya,Mehta,riya.mehta374@acme.com,Female,6.56539E+11,Singapore,4/28/1993
375,Priya,Iyer,priya.iyer375@protonmail.com,Female,17811807669,Canada,1/13/1973
376,Vivaan,Ghosh,vivaan.ghosh376@wayneenterprises.com,Other,4.98412E+11,Germany,5/1/1986
377,Arjun,Jain,arjun.jain377@initech.com,Female,18897785995,Canada,1/15/2003
378,Meera,Iyer,meera.iyer378@umbrella-corp.com,Male,3.33765E+11,France,8/11/1988
379,Sanya,Verma,sanya.verma379@umbrella-corp.com,Male,4.94292E+11,Germany,7/27/2001
380,Aditya,Kapoor,aditya.kapoor380@acme.com,Female,6.59298E+11,Singapore,5/18/1975
381,Amit,Chatterjee,amit.chatterjee381@protonmail.com,Other,9.17719E+11,India,1/20/1974
382,Meera,Rao,meera.rao382@outlook.com,Other,4.94586E+11,Germany,4/16/1985
383,Nisha,Rao,nisha.rao383@wayneenterprises.com,Female,19095951355,USA,12/26/1984
384,Aditya,Malhotra,aditya.malhotra384@gmail.com,Male,9.16688E+11,India,11/2/1979
385,Vihaan,Agarwal,vihaan.agarwal385@umbrella-corp.com,Male,6.18649E+11,Australia,8/12/1992
386,Anita,Agarwal,anita.agarwal386@gmail.com,Male,6.18463E+11,Australia,9/29/1983
387,Rohit,Banerjee,rohit.banerjee387@gmail.com,Female,4.96806E+11,Germany,5/6/2004
388,Vivaan,Gupta,vivaan.gupta388@yahoo.com,Other,6.587E+11,Singapore,7/24/1991
389,Arjun,Agarwal,arjun.agarwal389@wayneenterprises.com,Female,15499756106,Canada,3/29/1978
390,Karan,Ghosh,karan.ghosh390@acme.com,Male,17112231609,USA,6/30/1994
391,Rahul,Bansal,rahul.bansal391@acme.com,Other,16011746834,USA,5/28/1990
392,Pooja,Khanna,pooja.khanna392@globex.com,Female,9.19389E+11,India,8/12/2001
393,Meera,Verma,meera.verma393@protonmail.com,Other,6.59335E+11,Singapore,4/7/1975
394,Rahul,Das,rahul.das394@starkindustries.com,Male,3.36546E+11,France,10/18/1980
395,Karan,Gupta,karan.gupta395@initech.com,Female,9.17253E+11,India,5/15/1989
396,Riya,Bansal,riya.bansal396@starkindustries.com,Other,4.46879E+11,UK,5/26/1971
397,Sai,Verma,sai.verma397@outlook.com,Male,4.97983E+11,Germany,1/15/2003
398,Rahul,Kumar,rahul.kumar398@wayneenterprises.com,Other,9.19049E+11,India,7/14/1970
399,Karan,Rao,karan.rao399@acme.com,Other,9.1876E+11,India,8/26/1992
400,Kavya,Agarwal,kavya.agarwal400@umbrella-corp.com,Other,18931465612,USA,3/24/1970
401,Anita,Sharma,anita.sharma401@outlook.com,Female,3.33721E+11,France,9/24/1996
402,Kavya,Kapoor,kavya.kapoor402@acme.com,Other,4.41654E+11,UK,11/19/1971
403,Kavya,Iyer,kavya.iyer403@wayneenterprises.com,Female,4.48005E+11,UK,5/29/1976
404,Karan,Ghosh,karan.ghosh404@wayneenterprises.com,Female,9.16863E+11,India,7/19/1997
405,Sai,Kapoor,sai.kapoor405@yahoo.com,Male,9.17455E+11,India,8/18/1980
406,Priya,Singh,priya.singh406@wayneenterprises.com,Male,6.58701E+11,Singapore,12/23/1987
407,Rohit,Verma,rohit.verma407@initech.com,Other,15441171944,Canada,10/7/2003
408,Priya,Ghosh,priya.ghosh408@umbrella-corp.com,Female,6.56627E+11,Singapore,2/26/1997
409,Rahul,Agarwal,rahul.agarwal409@initech.com,Other,4.44788E+11,UK,1/31/1990
410,Pooja,Malhotra,pooja.malhotra410@gmail.com,Female,4.47764E+11,UK,12/7/1973
411,Neha,Ghosh,neha.ghosh411@globex.com,Other,18796538329,USA,1/29/1988
412,Pooja,Bansal,pooja.bansal412@acme.com,Female,9.1872E+11,India,5/18/1978
413,Priya,Mehta,priya.mehta413@gmail.com,Male,15725332827,USA,6/3/1987
414,Vihaan,Malhotra,vihaan.malhotra414@initech.com,Other,4.99844E+11,Germany,5/18/1991
415,Rohit,Verma,rohit.verma415@starkindustries.com,Other,3.38177E+11,France,3/12/1980
416,Rohit,Sharma,rohit.sharma416@gmail.com,Other,9.17653E+11,India,3/8/1986
417,Kavya,Ahuja,kavya.ahuja417@protonmail.com,Other,6.17127E+11,Australia,4/13/1983
418,Aditya,Agarwal,aditya.agarwal418@starkindustries.com,Female,16072700530,USA,6/3/1975
419,Priya,Malhotra,priya.malhotra419@outlook.com,Female,3.32837E+11,France,5/8/1980
420,Arjun,Chatterjee,arjun.chatterjee420@protonmail.com,Male,16926668573,USA,3/11/2004
421,Arjun,Iyer,arjun.iyer421@initech.com,Male,12312926458,Canada,6/13/1978
422,Riya,Das,riya.das422@yahoo.com,Other,6.18211E+11,Australia,1/27/1997
423,Vihaan,Chatterjee,vihaan.chatterjee423@acme.com,Female,6.57537E+11,Singapore,2/9/1978
424,Karan,Jain,karan.jain424@wayneenterprises.com,Other,6.18189E+11,Australia,8/28/1986
425,Anita,Rao,anita.rao425@wayneenterprises.com,Other,3.37938E+11,France,12/9/1984
426,Pooja,Ghosh,pooja.ghosh426@protonmail.com,Female,4.45644E+11,UK,4/8/1970
427,Anjali,Banerjee,anjali.banerjee427@yahoo.com,Male,6.18747E+11,Australia,5/25/2003
428,Arjun,Chatterjee,arjun.chatterjee428@yahoo.com,Female,18270659922,USA,1/11/1973
429,Priya,Mehta,priya.mehta429@gmail.com,Male,17027651192,USA,12/27/1992
430,Meera,Patel,meera.patel430@starkindustries.com,Female,6.57087E+11,Singapore,12/23/2001
431,Arjun,Kumar,arjun.kumar431@gmail.com,Male,12444427799,USA,4/16/1985
432,Vivaan,Mehta,vivaan.mehta432@yahoo.com,Female,6.57219E+11,Singapore,2/26/2003
433,Anita,Das,anita.das433@starkindustries.com,Other,6.19379E+11,Australia,12/5/1974
434,Vihaan,Jain,vihaan.jain434@initech.com,Female,6.58478E+11,Singapore,3/6/1987
435,Rohit,Mehta,rohit.mehta435@wayneenterprises.com,Male,49668974033,Germany,2/23/1971
436,Riya,Sharma,riya.sharma436@yahoo.com,Male,4.99502E+11,Germany,6/30/1993
437,Rahul,Agarwal,rahul.agarwal437@yahoo.com,Female,14683702246,USA,6/22/1996
438,Aarav,Banerjee,aarav.banerjee438@outlook.com,Female,3.31911E+11,France,11/4/1998
439,Neha,Jain,neha.jain439@globex.com,Female,6.161E+11,Australia,11/3/1982
440,Karan,Rao,karan.rao440@protonmail.com,Other,4.45139E+11,UK,8/23/2002
441,Vivaan,Singh,vivaan.singh441@globex.com,Male,3.3901E+11,France,10/18/1978
442,Aarav,Banerjee,aarav.banerjee442@globex.com,Male,6.5705E+11,Singapore,5/8/2002
443,Arjun,Gupta,arjun.gupta443@globex.com,Other,14461768235,USA,8/19/2000
444,Neha,Kapoor,neha.kapoor444@umbrella-corp.com,Female,18433549791,USA,9/21/1995
445,Aarav,Malhotra,aarav.malhotra445@gmail.com,Male,6.18075E+11,Australia,2/16/2000
446,Neha,Agarwal,neha.agarwal446@starkindustries.com,Male,49302256760,Germany,1/3/1977
447,Aarav,Sharma,aarav.sharma447@starkindustries.com,Female,4.9656E+11,Germany,7/31/1993
448,Kavya,Ahuja,kavya.ahuja448@globex.com,Other,13747217574,USA,10/19/1999
449,Arjun,Verma,arjun.verma449@umbrella-corp.com,Female,4.9746E+11,Germany,2/11/1996
450,Sai,Bansal,sai.bansal450@protonmail.com,Other,16487523848,USA,2/26/1994
451,Rahul,Gupta,rahul.gupta451@acme.com,Female,6.17494E+11,Australia,12/24/2001
452,Rohit,Patel,rohit.patel452@globex.com,Female,15879138283,USA,1/24/1995
453,Neha,Kapoor,neha.kapoor453@gmail.com,Female,3.36464E+11,France,5/1/2004
454,Pooja,Singh,pooja.singh454@yahoo.com,Male,6.58391E+11,Singapore,11/6/1984
455,Pooja,Ahuja,pooja.ahuja455@yahoo.com,Male,9.19331E+11,India,9/14/2004
456,Aarav,Rao,aarav.rao456@umbrella-corp.com,Female,6.17099E+11,Australia,11/25/2002
457,Priya,Iyer,priya.iyer457@outlook.com,Other,13879371306,USA,4/12/1977
458,Meera,Ahuja,meera.ahuja458@protonmail.com,Male,6.19071E+11,Australia,3/15/1974
459,Riya,Jain,riya.jain459@gmail.com,Male,13420426387,USA,3/17/1998
460,Vivaan,Verma,vivaan.verma460@starkindustries.com,Female,9.1663E+11,India,10/22/1970
461,Arjun,Rao,arjun.rao461@wayneenterprises.com,Female,18417657425,USA,5/8/1981
462,Aarav,Patel,aarav.patel462@globex.com,Female,6.16668E+11,Australia,7/23/1982
463,Aditya,Khanna,aditya.khanna463@globex.com,Male,6.56842E+11,Singapore,9/19/1978
464,Amit,Iyer,amit.iyer464@wayneenterprises.com,Male,17709481110,USA,7/15/1993
465,Arjun,Agarwal,arjun.agarwal465@gmail.com,Female,3.34093E+11,France,9/18/1990
466,Priya,Chatterjee,priya.chatterjee466@starkindustries.com,Male,18078484548,USA,7/30/2002
467,Anita,Kapoor,anita.kapoor467@protonmail.com,Female,4.49952E+11,UK,10/19/1990
468,Aditya,Gupta,aditya.gupta468@yahoo.com,Male,6.58361E+11,Singapore,4/6/1976
469,Kavya,Chatterjee,kavya.chatterjee469@initech.com,Female,4.95139E+11,Germany,7/2/1971
470,Vivaan,Khanna,vivaan.khanna470@acme.com,Other,9.17837E+11,India,8/3/1999
471,Sanya,Ghosh,sanya.ghosh471@starkindustries.com,Female,4.98613E+11,Germany,8/25/1986
472,Kavya,Malhotra,kavya.malhotra472@globex.com,Other,13882784533,Canada,6/27/1976
473,Kavya,Ahuja,kavya.ahuja473@gmail.com,Other,19208210882,USA,3/31/1975
474,Arjun,Khanna,arjun.khanna474@acme.com,Other,3.39117E+11,France,10/23/1999
475,Anjali,Patel,anjali.patel475@gmail.com,Male,4.98047E+11,Germany,11/24/1984
476,Riya,Malhotra,riya.malhotra476@initech.com,Other,4.45411E+11,UK,8/25/1981
477,Sai,Agarwal,sai.agarwal477@initech.com,Female,6.57325E+11,Singapore,6/4/1992
478,Aditya,Patel,aditya.patel478@outlook.com,Female,13031099211,USA,5/2/1975
479,Vivaan,Kapoor,vivaan.kapoor479@acme.com,Female,17541668908,USA,11/7/1970
480,Neha,Gupta,neha.gupta480@outlook.com,Male,6.57927E+11,Singapore,5/30/1982
481,Nisha,Sharma,nisha.sharma481@gmail.com,Other,9.18477E+11,India,1/10/1977
482,Neha,Singh,neha.singh482@umbrella-corp.com,Other,9.17317E+11,India,5/2/1987
483,Kavya,Bansal,kavya.bansal483@yahoo.com,Other,6.59708E+11,Singapore,1/21/2002
484,Karan,Gupta,karan.gupta484@wayneenterprises.com,Other,6.59031E+11,Singapore,10/21/2001
485,Karan,Jain,karan.jain485@yahoo.com,Female,4.96312E+11,Germany,2/27/1993
486,Kavya,Agarwal,kavya.agarwal486@outlook.com,Female,9.19457E+11,India,11/18/1975
487,Arjun,Malhotra,arjun.malhotra487@yahoo.com,Other,6.17588E+11,Australia,1/6/2002
488,Aditya,Das,aditya.das488@starkindustries.com,Female,3.38913E+11,France,3/12/1996
489,Arjun,Khanna,arjun.khanna489@yahoo.com,Other,3.35027E+11,France,8/18/1989
490,Nisha,Sharma,nisha.sharma490@protonmail.com,Male,4.46786E+11,UK,1/3/1983
491,Anjali,Gupta,anjali.gupta491@acme.com,Other,4.94503E+11,Germany,7/17/1974
492,Priya,Khanna,priya.khanna492@wayneenterprises.com,Male,9.16761E+11,India,12/8/1991
493,Anjali,Bansal,anjali.bansal493@starkindustries.com,Female,12352902699,USA,8/14/2002
494,Vihaan,Gupta,vihaan.gupta494@starkindustries.com,Other,18138238683,Canada,9/24/1987
495,Kavya,Ghosh,kavya.ghosh495@yahoo.com,Male,6.59775E+11,Singapore,12/7/1995
496,Neha,Agarwal,neha.agarwal496@initech.com,Other,3.38814E+11,France,3/22/1974
497,Rohit,Singh,rohit.singh497@starkindustries.com,Other,4.46455E+11,UK,12/21/2002
498,Pooja,Iyer,pooja.iyer498@outlook.com,Female,6.56004E+11,Singapore,6/21/1999
499,Priya,Patel,priya.patel499@yahoo.com,Male,3.36554E+11,France,11/22/1983
500,Rohit,Malhotra,rohit.malhotra500@gmail.com,Other,16395012028,USA,2/28/1999
501,Nisha,Jain,nisha.jain501@protonmail.com,Male,3.3216E+11,France,5/31/1971
502,Anita,Das,anita.das502@protonmail.com,Male,6.19168E+11,Australia,8/28/1997
503,Neha,Kumar,neha.kumar503@acme.com,Female,6.17071E+11,Australia,1/6/1990
504,Riya,Iyer,riya.iyer504@initech.com,Female,4.49374E+11,UK,7/8/1981
505,Amit,Malhotra,amit.malhotra505@protonmail.com,Male,18292051500,USA,10/6/1998
506,Pooja,Ghosh,pooja.ghosh506@starkindustries.com,Female,6.56866E+11,Singapore,12/2/2002
507,Sai,Bansal,sai.bansal507@initech.com,Other,6.16746E+11,Australia,7/6/1983
508,Riya,Khanna,riya.khanna508@gmail.com,Male,9.16982E+11,India,7/13/1986
509,Anita,Mehta,anita.mehta509@protonmail.com,Other,14236967480,USA,6/8/1978
510,Arjun,Ahuja,arjun.ahuja510@acme.com,Male,3.33615E+11,France,12/6/1986
511,Pooja,Banerjee,pooja.banerjee511@yahoo.com,Male,44768591368,UK,2/17/1999
512,Riya,Khanna,riya.khanna512@outlook.com,Male,6.57139E+11,Singapore,2/10/1980
513,Riya,Iyer,riya.iyer513@protonmail.com,Other,18730827258,USA,7/4/1979
514,Sai,Patel,sai.patel514@protonmail.com,Female,19342703446,USA,10/29/1979
515,Rahul,Rao,rahul.rao515@yahoo.com,Other,4.4238E+11,UK,9/28/2001
516,Rahul,Chatterjee,rahul.chatterjee516@yahoo.com,Other,19940733168,Canada,2/4/1977
517,Anita,Agarwal,anita.agarwal517@outlook.com,Male,3.3951E+11,France,8/13/1980
518,Rohit,Bansal,rohit.bansal518@gmail.com,Female,4.42082E+11,UK,2/26/1972
519,Kavya,Ahuja,kavya.ahuja519@wayneenterprises.com,Female,4.96476E+11,Germany,3/31/2000
520,Sai,Malhotra,sai.malhotra520@yahoo.com,Female,6.18087E+11,Australia,12/5/1988
521,Sanya,Chatterjee,sanya.chatterjee521@globex.com,Female,19705329186,Canada,1/2/1994
522,Rahul,Patel,rahul.patel522@yahoo.com,Male,4.95632E+11,Germany,1/7/1989
523,Karan,Bansal,karan.bansal523@wayneenterprises.com,Other,6.19927E+11,Australia,8/18/1982
524,Arjun,Banerjee,arjun.banerjee524@yahoo.com,Female,4.92086E+11,Germany,11/26/1974
525,Sai,Bansal,sai.bansal525@globex.com,Male,6.56632E+11,Singapore,2/22/1999
526,Kavya,Patel,kavya.patel526@globex.com,Male,18695723426,USA,8/17/1975
527,Sai,Chatterjee,sai.chatterjee527@yahoo.com,Female,14469762267,Canada,8/2/1999
528,Sai,Mehta,sai.mehta528@yahoo.com,Female,6.58338E+11,Singapore,9/7/2005
529,Vihaan,Das,vihaan.das529@protonmail.com,Other,6.57889E+11,Singapore,2/7/1990
530,Sanya,Rao,sanya.rao530@outlook.com,Other,6.16522E+11,Australia,12/1/1983
531,Amit,Patel,amit.patel531@initech.com,Male,3.37726E+11,France,9/11/2000
532,Vivaan,Gupta,vivaan.gupta532@globex.com,Female,4.95271E+11,Germany,7/9/1982
533,Vihaan,Jain,vihaan.jain533@initech.com,Female,17691626229,Canada,7/2/1992
534,Amit,Malhotra,amit.malhotra534@starkindustries.com,Other,19580579955,Canada,6/12/2001
535,Karan,Kumar,karan.kumar535@yahoo.com,Female,6.56174E+11,Singapore,2/1/1991
536,Priya,Gupta,priya.gupta536@gmail.com,Female,44528691925,UK,1/28/1981
537,Anita,Banerjee,anita.banerjee537@umbrella-corp.com,Male,6.17723E+11,Australia,3/8/1972
538,Neha,Bansal,neha.bansal538@starkindustries.com,Female,6.17394E+11,Australia,3/14/1976
539,Priya,Gupta,priya.gupta539@globex.com,Male,3.35889E+11,France,3/9/1979
540,Aditya,Chatterjee,aditya.chatterjee540@yahoo.com,Other,4.92736E+11,Germany,3/12/1984
541,Vivaan,Rao,vivaan.rao541@globex.com,Other,6.56386E+11,Singapore,6/8/1972
542,Anita,Bansal,anita.bansal542@globex.com,Female,6.57614E+11,Singapore,12/18/1971
543,Priya,Ahuja,priya.ahuja543@outlook.com,Female,4.41524E+11,UK,3/14/1981
544,Meera,Jain,meera.jain544@starkindustries.com,Other,44549325494,UK,4/18/1972
545,Anjali,Singh,anjali.singh545@initech.com,Female,9.18214E+11,India,8/18/1997
546,Priya,Agarwal,priya.agarwal546@umbrella-corp.com,Female,19639405960,Canada,8/24/1989
547,Amit,Malhotra,amit.malhotra547@gmail.com,Male,14394089305,Canada,11/15/1984
548,Rahul,Banerjee,rahul.banerjee548@initech.com,Other,19206039956,USA,1/3/1975
549,Aditya,Sharma,aditya.sharma549@gmail.com,Female,6.16154E+11,Australia,12/8/1975
550,Anjali,Sharma,anjali.sharma550@yahoo.com,Male,6.58416E+11,Singapore,8/10/1996
551,Meera,Kumar,meera.kumar551@yahoo.com,Female,9.16916E+11,India,12/8/2005
552,Meera,Malhotra,meera.malhotra552@starkindustries.com,Other,9.18008E+11,India,1/28/1991
553,Sanya,Iyer,sanya.iyer553@wayneenterprises.com,Other,4.49185E+11,UK,2/20/1989
554,Meera,Malhotra,meera.malhotra554@yahoo.com,Male,6.17434E+11,Australia,3/3/1976
555,Neha,Kapoor,neha.kapoor555@yahoo.com,Other,4.96093E+11,Germany,1/3/1984
556,Vihaan,Kapoor,vihaan.kapoor556@umbrella-corp.com,Male,4.96958E+11,Germany,5/6/1981
557,Amit,Gupta,amit.gupta557@wayneenterprises.com,Male,6.57537E+11,Singapore,12/11/1998
558,Rohit,Ghosh,rohit.ghosh558@acme.com,Male,6.16612E+11,Australia,2/26/2000
559,Vihaan,Khanna,vihaan.khanna559@acme.com,Male,14220951094,USA,5/6/2000
560,Riya,Ahuja,riya.ahuja560@acme.com,Male,9.16951E+11,India,4/14/1973
561,Rahul,Singh,rahul.singh561@acme.com,Male,15016618475,Canada,4/5/1977
562,Kavya,Rao,kavya.rao562@acme.com,Male,9.18154E+11,India,7/2/1973
563,Amit,Ghosh,amit.ghosh563@globex.com,Female,4.41932E+11,UK,5/4/1983
564,Meera,Rao,meera.rao564@starkindustries.com,Male,4.99367E+11,Germany,6/16/1972
565,Amit,Jain,amit.jain565@gmail.com,Male,6.58878E+11,Singapore,6/7/1989
566,Anita,Jain,anita.jain566@acme.com,Male,4.93422E+11,Germany,10/22/1981
567,Vivaan,Rao,vivaan.rao567@gmail.com,Female,6.56378E+11,Singapore,9/11/1998
568,Amit,Sharma,amit.sharma568@wayneenterprises.com,Male,15238614003,Canada,11/18/1992
569,Nisha,Banerjee,nisha.banerjee569@yahoo.com,Female,9.1941E+11,India,7/1/1993
570,Neha,Bansal,neha.bansal570@gmail.com,Female,18021525109,USA,9/11/1994
571,Vivaan,Ahuja,vivaan.ahuja571@gmail.com,Other,4.4648E+11,UK,4/26/1991
572,Amit,Agarwal,amit.agarwal572@umbrella-corp.com,Other,9.19942E+11,India,6/4/1971
573,Aditya,Patel,aditya.patel573@protonmail.com,Female,6.18021E+11,Australia,8/16/2000
574,Vivaan,Kapoor,vivaan.kapoor574@globex.com,Male,6.57782E+11,Singapore,10/16/1981
575,Anita,Patel,anita.patel575@gmail.com,Male,18671765504,USA,1/19/1975
576,Sanya,Chatterjee,sanya.chatterjee576@starkindustries.com,Female,4.46505E+11,UK,8/22/1986
577,Anita,Kapoor,anita.kapoor577@initech.com,Male,15169592241,USA,2/10/1974
578,Rohit,Kapoor,rohit.kapoor578@globex.com,Other,4.43098E+11,UK,8/4/2004
579,Rohit,Patel,rohit.patel579@outlook.com,Female,12998364846,Canada,12/27/1981
580,Amit,Jain,amit.jain580@gmail.com,Female,13480983007,Canada,1/25/1970
581,Riya,Iyer,riya.iyer581@yahoo.com,Female,4.94366E+11,Germany,8/21/1980
582,Rohit,Khanna,rohit.khanna582@umbrella-corp.com,Female,16237102521,USA,7/26/2005
583,Neha,Banerjee,neha.banerjee583@gmail.com,Male,6.17799E+11,Australia,6/28/1981
584,Anjali,Patel,anjali.patel584@acme.com,Female,14081483553,USA,11/22/2003
585,Nisha,Ghosh,nisha.ghosh585@outlook.com,Female,6.5894E+11,Singapore,3/19/1990
586,Vivaan,Agarwal,vivaan.agarwal586@wayneenterprises.com,Female,9.19451E+11,India,4/10/1973
587,Riya,Khanna,riya.khanna587@starkindustries.com,Male,17024047704,USA,12/30/1973
588,Sanya,Sharma,sanya.sharma588@acme.com,Other,16580620193,USA,3/4/1992
589,Aditya,Malhotra,aditya.malhotra589@globex.com,Other,6.19462E+11,Australia,7/6/1982
590,Kavya,Ghosh,kavya.ghosh590@initech.com,Female,6.19249E+11,Australia,4/1/1971
591,Pooja,Sharma,pooja.sharma591@gmail.com,Female,6.16757E+11,Australia,5/29/1992
592,Aditya,Kapoor,aditya.kapoor592@protonmail.com,Male,9.1753E+11,India,4/24/1982
593,Sai,Mehta,sai.mehta593@starkindustries.com,Other,4.92402E+11,Germany,7/2/1977
594,Rohit,Bansal,rohit.bansal594@starkindustries.com,Other,4.42287E+11,UK,1/9/2003
595,Arjun,Ahuja,arjun.ahuja595@protonmail.com,Female,9.18267E+11,India,4/22/1982
596,Kavya,Jain,kavya.jain596@wayneenterprises.com,Other,14504781616,Canada,3/21/1992
597,Sanya,Iyer,sanya.iyer597@yahoo.com,Male,6.5637E+11,Singapore,6/22/1973
598,Amit,Ahuja,amit.ahuja598@yahoo.com,Female,4.46121E+11,UK,5/3/1982
599,Vihaan,Bansal,vihaan.bansal599@umbrella-corp.com,Female,9.17751E+11,India,2/12/1985
600,Aditya,Agarwal,aditya.agarwal600@gmail.com,Female,9.17139E+11,India,7/15/1991
601,Vihaan,Malhotra,vihaan.malhotra601@starkindustries.com,Male,4.97386E+11,Germany,2/28/1994
602,Aditya,Malhotra,aditya.malhotra602@umbrella-corp.com,Female,6.16931E+11,Australia,2/15/1981
603,Karan,Bansal,karan.bansal603@acme.com,Female,4.97259E+11,Germany,11/16/1994
604,Anita,Chatterjee,anita.chatterjee604@globex.com,Male,4.9989E+11,Germany,10/29/1973
605,Nisha,Kapoor,nisha.kapoor605@globex.com,Female,4.41153E+11,UK,11/18/1992
606,Pooja,Iyer,pooja.iyer606@protonmail.com,Other,9.17496E+11,India,7/8/1994
607,Amit,Gupta,amit.gupta607@protonmail.com,Male,6.56976E+11,Singapore,4/9/1980
608,Riya,Das,riya.das608@acme.com,Other,9.16689E+11,India,11/3/1991
609,Vivaan,Gupta,vivaan.gupta609@wayneenterprises.com,Female,6.57106E+11,Singapore,11/12/1998
610,Pooja,Chatterjee,pooja.chatterjee610@initech.com,Other,18057474180,Canada,8/20/1985
611,Riya,Ahuja,riya.ahuja611@initech.com,Other,9.1902E+11,India,10/30/1984
612,Karan,Das,karan.das612@initech.com,Female,9.18711E+11,India,2/9/1983
613,Kavya,Bansal,kavya.bansal613@umbrella-corp.com,Male,4.45851E+11,UK,5/15/1988
614,Aarav,Agarwal,aarav.agarwal614@initech.com,Other,4.42439E+11,UK,7/26/1978
615,Meera,Patel,meera.patel615@initech.com,Male,4.92678E+11,Germany,8/28/1979
616,Pooja,Iyer,pooja.iyer616@umbrella-corp.com,Female,6.1959E+11,Australia,4/25/1972
617,Pooja,Ahuja,pooja.ahuja617@protonmail.com,Female,4.48051E+11,UK,11/15/1983
618,Kavya,Sharma,kavya.sharma618@starkindustries.com,Male,6.18351E+11,Australia,4/13/1978
619,Meera,Mehta,meera.mehta619@umbrella-corp.com,Other,12926358791,USA,12/7/2005
620,Anita,Chatterjee,anita.chatterjee620@wayneenterprises.com,Female,9.18478E+11,India,10/20/1990
621,Arjun,Khanna,arjun.khanna621@gmail.com,Male,19766887109,Canada,9/25/2003
622,Vihaan,Chatterjee,vihaan.chatterjee622@acme.com,Male,19493431803,USA,10/3/2000
623,Amit,Verma,amit.verma623@umbrella-corp.com,Female,6.58572E+11,Singapore,5/30/1976
624,Aditya,Singh,aditya.singh624@gmail.com,Female,19709871874,USA,2/22/1996
625,Sanya,Verma,sanya.verma625@globex.com,Male,44749173035,UK,3/18/1978
626,Neha,Das,neha.das626@globex.com,Male,6.16949E+11,Australia,8/27/1986
627,Rohit,Bansal,rohit.bansal627@outlook.com,Male,9.16856E+11,India,10/1/1998
628,Sanya,Ahuja,sanya.ahuja628@protonmail.com,Male,6.17719E+11,Australia,8/14/1996
629,Aditya,Banerjee,aditya.banerjee629@umbrella-corp.com,Male,6.19651E+11,Australia,12/30/1977
630,Sai,Singh,sai.singh630@starkindustries.com,Other,3.38464E+11,France,10/24/2002
631,Anita,Jain,anita.jain631@initech.com,Female,16625883401,USA,6/30/1973
632,Sai,Ghosh,sai.ghosh632@globex.com,Male,6.16854E+11,Australia,8/10/1982
633,Sanya,Agarwal,sanya.agarwal633@starkindustries.com,Male,4.46179E+11,UK,4/26/1971
634,Rahul,Malhotra,rahul.malhotra634@initech.com,Male,4.47603E+11,UK,2/19/2001
635,Rohit,Gupta,rohit.gupta635@gmail.com,Other,16442070544,Canada,10/19/1981
636,Anita,Ghosh,anita.ghosh636@wayneenterprises.com,Male,9.17085E+11,India,4/4/2004
637,Pooja,Rao,pooja.rao637@gmail.com,Female,4.47613E+11,UK,9/29/1981
638,Priya,Ghosh,priya.ghosh638@initech.com,Female,15278096846,Canada,1/25/1998
639,Aarav,Bansal,aarav.bansal639@globex.com,Male,6.18405E+11,Australia,8/18/1972
640,Meera,Agarwal,meera.agarwal640@yahoo.com,Other,4.95021E+11,Germany,1/22/1998
641,Amit,Ahuja,amit.ahuja641@initech.com,Other,4.41514E+11,UK,4/25/2000
642,Priya,Kapoor,priya.kapoor642@protonmail.com,Male,3.33142E+11,France,9/3/2003
643,Neha,Banerjee,neha.banerjee643@outlook.com,Other,15804575718,Canada,8/17/1970
644,Aditya,Ghosh,aditya.ghosh644@umbrella-corp.com,Other,9.19972E+11,India,1/2/1996
645,Sai,Rao,sai.rao645@umbrella-corp.com,Female,3.32838E+11,France,2/25/1990
646,Arjun,Agarwal,arjun.agarwal646@yahoo.com,Male,18325059973,USA,8/18/2002
647,Anita,Sharma,anita.sharma647@gmail.com,Female,13332579303,USA,5/5/1981
648,Pooja,Gupta,pooja.gupta648@outlook.com,Female,6.19821E+11,Australia,8/16/1975
649,Nisha,Gupta,nisha.gupta649@umbrella-corp.com,Male,15185628601,USA,6/19/1980
650,Priya,Bansal,priya.bansal650@outlook.com,Other,4.41203E+11,UK,2/6/1982
651,Riya,Sharma,riya.sharma651@outlook.com,Female,15570870548,Canada,6/6/1980
652,Aarav,Gupta,aarav.gupta652@gmail.com,Other,4.41031E+11,UK,2/19/1999
653,Sanya,Ahuja,sanya.ahuja653@starkindustries.com,Male,9.19257E+11,India,5/26/1995
654,Amit,Kapoor,amit.kapoor654@initech.com,Female,6.18973E+11,Australia,7/18/1982
655,Meera,Bansal,meera.bansal655@outlook.com,Male,4.92013E+11,Germany,8/28/2000
656,Sai,Khanna,sai.khanna656@starkindustries.com,Female,15004500087,USA,12/24/1993
657,Meera,Rao,meera.rao657@globex.com,Male,3.35082E+11,France,11/15/1976
658,Arjun,Bansal,arjun.bansal658@yahoo.com,Female,44423989495,UK,2/13/1979
659,Sai,Rao,sai.rao659@gmail.com,Male,9.17031E+11,India,10/1/1981
660,Pooja,Agarwal,pooja.agarwal660@outlook.com,Female,6.59729E+11,Singapore,8/31/1983
661,Nisha,Bansal,nisha.bansal661@starkindustries.com,Other,9.16055E+11,India,8/26/1974
662,Anita,Kapoor,anita.kapoor662@acme.com,Other,17457765183,Canada,5/2/1989
663,Sai,Mehta,sai.mehta663@globex.com,Female,4.47508E+11,UK,12/17/1983
664,Arjun,Kapoor,arjun.kapoor664@acme.com,Male,3.38505E+11,France,2/9/1999
665,Vihaan,Iyer,vihaan.iyer665@outlook.com,Male,14937096630,USA,9/2/2001
666,Amit,Bansal,amit.bansal666@umbrella-corp.com,Other,3.32716E+11,France,4/11/1984
667,Rahul,Kumar,rahul.kumar667@globex.com,Female,12419836465,USA,3/8/1988
668,Sai,Kumar,sai.kumar668@globex.com,Male,9.1661E+11,India,9/3/1979
669,Anjali,Patel,anjali.patel669@yahoo.com,Female,49784378324,Germany,10/16/1986
670,Neha,Rao,neha.rao670@globex.com,Other,6.58116E+11,Singapore,3/4/1985
671,Karan,Singh,karan.singh671@wayneenterprises.com,Female,9.16955E+11,India,1/9/1975
672,Riya,Ghosh,riya.ghosh672@initech.com,Male,9.17156E+11,India,2/15/1970
673,Anita,Bansal,anita.bansal673@acme.com,Other,3.39406E+11,France,12/6/1984
674,Priya,Khanna,priya.khanna674@gmail.com,Male,3.31765E+11,France,7/2/1972
675,Sai,Singh,sai.singh675@umbrella-corp.com,Male,9.17826E+11,India,7/27/1992
676,Pooja,Sharma,pooja.sharma676@acme.com,Female,6.57224E+11,Singapore,3/31/2002
677,Sai,Rao,sai.rao677@protonmail.com,Female,14028834977,Canada,7/13/1994
678,Pooja,Jain,pooja.jain678@globex.com,Other,6.19827E+11,Australia,5/20/2005
679,Neha,Chatterjee,neha.chatterjee679@protonmail.com,Other,6.57393E+11,Singapore,7/10/2005
680,Riya,Agarwal,riya.agarwal680@umbrella-corp.com,Other,4.94868E+11,Germany,6/13/1973
681,Neha,Jain,neha.jain681@protonmail.com,Other,3.33778E+11,France,8/13/2002
682,Anita,Mehta,anita.mehta682@starkindustries.com,Other,4.43868E+11,UK,12/2/1998
683,Riya,Singh,riya.singh683@gmail.com,Male,6.19692E+11,Australia,7/9/1974
684,Aarav,Iyer,aarav.iyer684@outlook.com,Other,13081818652,Canada,4/29/1971
685,Kavya,Sharma,kavya.sharma685@acme.com,Female,6.19065E+11,Australia,7/12/1970
686,Meera,Khanna,meera.khanna686@acme.com,Other,6.17215E+11,Australia,12/5/2000
687,Arjun,Iyer,arjun.iyer687@protonmail.com,Other,6.19279E+11,Australia,3/23/1977
688,Karan,Gupta,karan.gupta688@starkindustries.com,Other,4.92416E+11,Germany,9/6/1972
689,Anita,Kumar,anita.kumar689@yahoo.com,Female,12873135076,Canada,6/15/2004
690,Anjali,Sharma,anjali.sharma690@protonmail.com,Male,13969896796,Canada,9/3/1979
691,Meera,Rao,meera.rao691@protonmail.com,Female,6.57146E+11,Singapore,10/9/1981
692,Arjun,Das,arjun.das692@wayneenterprises.com,Female,4.92951E+11,Germany,2/8/1970
693,Riya,Kapoor,riya.kapoor693@starkindustries.com,Other,14111441029,Canada,7/19/1998
694,Aditya,Banerjee,aditya.banerjee694@umbrella-corp.com,Female,4.46938E+11,UK,7/29/2002
695,Anita,Kumar,anita.kumar695@outlook.com,Other,9.17291E+11,India,7/3/1984
696,Vihaan,Kumar,vihaan.kumar696@protonmail.com,Male,9.18532E+11,India,2/7/1976
697,Anjali,Chatterjee,anjali.chatterjee697@wayneenterprises.com,Female,9.16144E+11,India,11/11/1998
698,Aditya,Kumar,aditya.kumar698@protonmail.com,Other,4.97013E+11,Germany,9/25/1976
699,Sanya,Bansal,sanya.bansal699@starkindustries.com,Female,15223661835,USA,11/28/1995
700,Rahul,Ghosh,rahul.ghosh700@outlook.com,Male,3.31778E+11,France,5/18/2001
701,Meera,Singh,meera.singh701@wayneenterprises.com,Female,3.32387E+11,France,10/18/1995
702,Meera,Malhotra,meera.malhotra702@gmail.com,Male,17362793114,USA,4/27/1997
703,Sanya,Ahuja,sanya.ahuja703@outlook.com,Male,4.95245E+11,Germany,8/19/1990
704,Anita,Ahuja,anita.ahuja704@acme.com,Female,15487289285,USA,4/19/1971
705,Anjali,Khanna,anjali.khanna705@outlook.com,Male,17629006837,USA,3/22/1981
706,Kavya,Ahuja,kavya.ahuja706@acme.com,Female,9.16984E+11,India,12/31/1982
707,Riya,Chatterjee,riya.chatterjee707@starkindustries.com,Male,9.17226E+11,India,4/30/2005
708,Anjali,Mehta,anjali.mehta708@outlook.com,Other,9.18909E+11,India,7/29/1993
709,Amit,Verma,amit.verma709@gmail.com,Male,6.18568E+11,Australia,9/16/2005
710,Anita,Bansal,anita.bansal710@gmail.com,Female,17587991885,Canada,10/12/1993
711,Riya,Jain,riya.jain711@globex.com,Other,13525385811,Canada,7/25/2000
712,Sai,Das,sai.das712@wayneenterprises.com,Male,6.56671E+11,Singapore,7/13/1976
713,Anita,Banerjee,anita.banerjee713@wayneenterprises.com,Other,6.58963E+11,Singapore,4/27/1994
714,Priya,Chatterjee,priya.chatterjee714@outlook.com,Male,4.46511E+11,UK,10/27/2000
715,Priya,Sharma,priya.sharma715@protonmail.com,Male,4.47613E+11,UK,6/3/1984
716,Aarav,Gupta,aarav.gupta716@yahoo.com,Male,4.4575E+11,UK,6/11/1997
717,Aditya,Singh,aditya.singh717@starkindustries.com,Female,33806386976,France,2/22/1992
718,Arjun,Bansal,arjun.bansal718@acme.com,Female,6.19151E+11,Australia,8/22/1979
719,Aarav,Malhotra,aarav.malhotra719@umbrella-corp.com,Female,15293477066,Canada,11/23/1971
720,Aarav,Ahuja,aarav.ahuja720@yahoo.com,Female,4.41079E+11,UK,9/27/1976
721,Karan,Iyer,karan.iyer721@outlook.com,Female,13844365094,USA,4/9/1983
722,Nisha,Mehta,nisha.mehta722@protonmail.com,Other,4.43201E+11,UK,10/19/2000
723,Nisha,Agarwal,nisha.agarwal723@initech.com,Female,4.45074E+11,UK,8/26/1998
724,Anjali,Mehta,anjali.mehta724@globex.com,Male,4.91239E+11,Germany,9/12/1989
725,Pooja,Jain,pooja.jain725@acme.com,Female,3.37054E+11,France,7/7/1975
726,Sai,Kapoor,sai.kapoor726@outlook.com,Male,6.17062E+11,Australia,10/20/1986
727,Anita,Rao,anita.rao727@wayneenterprises.com,Female,44846969988,UK,10/13/1996
728,Priya,Singh,priya.singh728@acme.com,Other,9.16885E+11,India,9/22/1973
729,Aditya,Jain,aditya.jain729@yahoo.com,Other,15922906633,USA,1/26/1978
730,Anjali,Ahuja,anjali.ahuja730@outlook.com,Female,6.57237E+11,Singapore,4/10/2002
731,Rohit,Iyer,rohit.iyer731@outlook.com,Other,4.92401E+11,Germany,9/3/2002
732,Aditya,Ahuja,aditya.ahuja732@starkindustries.com,Other,6.18814E+11,Australia,9/5/2001
733,Aarav,Kapoor,aarav.kapoor733@protonmail.com,Male,18286626603,Canada,12/8/1985
734,Sanya,Verma,sanya.verma734@umbrella-corp.com,Female,9.1725E+11,India,4/20/2000
735,Neha,Sharma,neha.sharma735@gmail.com,Other,19142325132,USA,9/18/1986
736,Priya,Mehta,priya.mehta736@wayneenterprises.com,Other,3.35477E+11,France,1/15/1999
737,Priya,Khanna,priya.khanna737@yahoo.com,Male,3.33542E+11,France,5/2/1982
738,Anita,Bansal,anita.bansal738@starkindustries.com,Male,4.93745E+11,Germany,3/26/1978
739,Neha,Ghosh,neha.ghosh739@globex.com,Male,9.17998E+11,India,12/14/2001
740,Arjun,Chatterjee,arjun.chatterjee740@umbrella-corp.com,Male,3.35092E+11,France,3/27/1999
741,Vivaan,Singh,vivaan.singh741@umbrella-corp.com,Male,6.17811E+11,Australia,2/2/1992
742,Arjun,Jain,arjun.jain742@initech.com,Female,9.19188E+11,India,10/2/1971
743,Rahul,Singh,rahul.singh743@gmail.com,Female,4.95976E+11,Germany,12/17/2004
744,Sanya,Chatterjee,sanya.chatterjee744@starkindustries.com,Male,4.98621E+11,Germany,2/3/1991
745,Vivaan,Verma,vivaan.verma745@initech.com,Female,9.19512E+11,India,9/14/1993
746,Sai,Jain,sai.jain746@wayneenterprises.com,Male,4.46212E+11,UK,9/16/1981
747,Anita,Rao,anita.rao747@globex.com,Male,6.16427E+11,Australia,8/1/1976
748,Pooja,Ghosh,pooja.ghosh748@initech.com,Other,4.41181E+11,UK,12/9/1981
749,Sanya,Khanna,sanya.khanna749@globex.com,Male,4.9813E+11,Germany,11/20/1983
750,Nisha,Iyer,nisha.iyer750@gmail.com,Female,4.92328E+11,Germany,10/6/1971
751,Rohit,Agarwal,rohit.agarwal751@yahoo.com,Female,4.91224E+11,Germany,12/26/1977
752,Rahul,Ghosh,rahul.ghosh752@gmail.com,Female,4.44773E+11,UK,5/1/1988
753,Anjali,Khanna,anjali.khanna753@acme.com,Male,6.19949E+11,Australia,12/14/2003
754,Arjun,Khanna,arjun.khanna754@starkindustries.com,Female,6.57517E+11,Singapore,1/8/2003
755,Nisha,Malhotra,nisha.malhotra755@gmail.com,Other,18230277094,Canada,8/27/1972
756,Aditya,Mehta,aditya.mehta756@starkindustries.com,Female,6.18677E+11,Australia,7/10/1995
757,Meera,Patel,meera.patel757@starkindustries.com,Male,4.97192E+11,Germany,6/21/1982
758,Rahul,Kumar,rahul.kumar758@umbrella-corp.com,Female,9.18233E+11,India,5/16/1970
759,Aarav,Jain,aarav.jain759@acme.com,Female,9.16477E+11,India,3/13/1998
760,Neha,Ghosh,neha.ghosh760@gmail.com,Female,3.37506E+11,France,4/26/2001
761,Aditya,Banerjee,aditya.banerjee761@starkindustries.com,Other,44363635026,UK,4/4/1987
762,Riya,Sharma,riya.sharma762@starkindustries.com,Female,4.9465E+11,Germany,1/23/1989
763,Sanya,Das,sanya.das763@acme.com,Male,3.3266E+11,France,10/4/1984
764,Karan,Rao,karan.rao764@yahoo.com,Other,19210860842,USA,11/18/1972
765,Rahul,Ahuja,rahul.ahuja765@yahoo.com,Other,4.43105E+11,UK,6/11/1994
766,Aarav,Ahuja,aarav.ahuja766@starkindustries.com,Male,6.17683E+11,Australia,6/11/2004
767,Priya,Kumar,priya.kumar767@acme.com,Male,12399150286,Canada,12/8/2005
768,Anjali,Khanna,anjali.khanna768@protonmail.com,Male,9.18689E+11,India,8/30/1994
769,Aarav,Jain,aarav.jain769@acme.com,Other,4.4234E+11,UK,12/31/1990
770,Vivaan,Sharma,vivaan.sharma770@protonmail.com,Male,6.19666E+11,Australia,9/10/1975
771,Sai,Jain,sai.jain771@wayneenterprises.com,Other,4.94531E+11,Germany,3/20/1999
772,Arjun,Rao,arjun.rao772@umbrella-corp.com,Other,4.47789E+11,UK,2/15/1987
773,Nisha,Agarwal,nisha.agarwal773@acme.com,Male,4.94304E+11,Germany,4/22/2001
774,Neha,Bansal,neha.bansal774@umbrella-corp.com,Female,4.46926E+11,UK,3/4/1982
775,Sai,Malhotra,sai.malhotra775@protonmail.com,Other,17451173878,USA,9/28/1998
776,Aarav,Rao,aarav.rao776@gmail.com,Other,3.34894E+11,France,1/6/1984
777,Pooja,Gupta,pooja.gupta777@yahoo.com,Male,19973889672,Canada,9/22/1979
778,Amit,Kumar,amit.kumar778@gmail.com,Other,6.16929E+11,Australia,2/10/1978
779,Aarav,Agarwal,aarav.agarwal779@acme.com,Other,4.95058E+11,Germany,11/15/1989
780,Priya,Malhotra,priya.malhotra780@initech.com,Other,49804897644,Germany,2/22/2000
781,Sai,Verma,sai.verma781@starkindustries.com,Other,4.97083E+11,Germany,11/24/1989
782,Amit,Verma,amit.verma782@protonmail.com,Other,14505945307,Canada,8/30/2002
783,Sai,Agarwal,sai.agarwal783@protonmail.com,Female,9.19539E+11,India,9/4/2005
784,Kavya,Ahuja,kavya.ahuja784@umbrella-corp.com,Other,4.93188E+11,Germany,6/26/1976
785,Karan,Banerjee,karan.banerjee785@yahoo.com,Other,4.42195E+11,UK,8/21/1981
786,Sai,Chatterjee,sai.chatterjee786@yahoo.com,Male,4.4202E+11,UK,8/27/1988
787,Aditya,Patel,aditya.patel787@acme.com,Other,3.39256E+11,France,6/5/1991
788,Kavya,Patel,kavya.patel788@umbrella-corp.com,Female,15805589894,USA,11/27/1973
789,Aarav,Sharma,aarav.sharma789@gmail.com,Male,6.59599E+11,Singapore,8/5/1989
790,Meera,Patel,meera.patel790@starkindustries.com,Male,4.96148E+11,Germany,1/20/2000
791,Priya,Rao,priya.rao791@umbrella-corp.com,Other,4.48493E+11,UK,7/12/1987
792,Rahul,Ghosh,rahul.ghosh792@yahoo.com,Male,9.19024E+11,India,1/28/1971
793,Meera,Kapoor,meera.kapoor793@starkindustries.com,Female,6.16613E+11,Australia,12/31/2004
794,Priya,Mehta,priya.mehta794@globex.com,Female,4.41517E+11,UK,12/4/1983
795,Pooja,Chatterjee,pooja.chatterjee795@starkindustries.com,Female,15250192817,USA,8/14/1999
796,Arjun,Mehta,arjun.mehta796@acme.com,Female,6.5831E+11,Singapore,3/3/1976
797,Nisha,Malhotra,nisha.malhotra797@acme.com,Male,3.31788E+11,France,9/12/1995
798,Riya,Sharma,riya.sharma798@umbrella-corp.com,Other,3.35667E+11,France,1/29/2005
799,Vivaan,Rao,vivaan.rao799@starkindustries.com,Female,15294663618,Canada,10/13/1996
800,Aditya,Bansal,aditya.bansal800@protonmail.com,Male,17949626688,USA,3/30/2002
801,Pooja,Rao,pooja.rao801@outlook.com,Male,4.43234E+11,UK,12/15/1977
802,Pooja,Malhotra,pooja.malhotra802@acme.com,Female,15240826496,USA,10/29/1999
803,Priya,Gupta,priya.gupta803@initech.com,Other,16057016373,USA,8/13/1993
804,Vivaan,Bansal,vivaan.bansal804@acme.com,Male,6.59685E+11,Singapore,5/30/1985
805,Neha,Jain,neha.jain805@yahoo.com,Other,6.59785E+11,Singapore,3/22/1982
806,Sai,Iyer,sai.iyer806@gmail.com,Female,4.4208E+11,UK,5/18/1977
807,Rahul,Sharma,rahul.sharma807@gmail.com,Other,6.17641E+11,Australia,9/12/1981
808,Amit,Patel,amit.patel808@initech.com,Male,6.18708E+11,Australia,1/17/1980
809,Nisha,Sharma,nisha.sharma809@protonmail.com,Other,17162183414,USA,1/13/2004
810,Vihaan,Das,vihaan.das810@gmail.com,Other,9.19498E+11,India,5/22/1980
811,Pooja,Mehta,pooja.mehta811@globex.com,Other,9.17797E+11,India,10/16/1988
812,Pooja,Das,pooja.das812@umbrella-corp.com,Male,14719026290,Canada,2/18/1977
813,Anita,Patel,anita.patel813@outlook.com,Other,9.1956E+11,India,10/23/1987
814,Arjun,Sharma,arjun.sharma814@outlook.com,Other,9.17736E+11,India,11/30/2002
815,Neha,Jain,neha.jain815@umbrella-corp.com,Female,6.5786E+11,Singapore,3/19/1996
816,Neha,Sharma,neha.sharma816@protonmail.com,Other,4.98969E+11,Germany,5/26/2000
817,Neha,Chatterjee,neha.chatterjee817@umbrella-corp.com,Other,17419797750,Canada,7/26/1990
818,Aarav,Das,aarav.das818@wayneenterprises.com,Male,3.39049E+11,France,9/21/1986
819,Anita,Das,anita.das819@yahoo.com,Male,4.46077E+11,UK,8/20/1988
820,Sanya,Ahuja,sanya.ahuja820@acme.com,Male,4.92688E+11,Germany,6/15/1970
821,Rohit,Kumar,rohit.kumar821@protonmail.com,Other,9.17369E+11,India,2/3/1985
822,Aarav,Verma,aarav.verma822@gmail.com,Female,6.19876E+11,Australia,11/25/1982
823,Karan,Kapoor,karan.kapoor823@starkindustries.com,Female,4.43413E+11,UK,7/24/2004
824,Karan,Agarwal,karan.agarwal824@acme.com,Female,9.19134E+11,India,11/18/2002
825,Meera,Iyer,meera.iyer825@umbrella-corp.com,Other,4.9349E+11,Germany,9/19/1998
826,Nisha,Verma,nisha.verma826@gmail.com,Other,4.95319E+11,Germany,11/12/1984
827,Rohit,Mehta,rohit.mehta827@outlook.com,Other,33678741684,France,1/22/1991
828,Meera,Rao,meera.rao828@wayneenterprises.com,Female,6.59929E+11,Singapore,6/3/1972
829,Vivaan,Malhotra,vivaan.malhotra829@acme.com,Female,16919205411,USA,2/17/1972
830,Anita,Malhotra,anita.malhotra830@yahoo.com,Female,49917574278,Germany,12/25/1985
831,Kavya,Ahuja,kavya.ahuja831@globex.com,Male,17502504779,Canada,9/22/1998
832,Aditya,Bansal,aditya.bansal832@wayneenterprises.com,Other,12836842515,Canada,3/1/1978
833,Anjali,Chatterjee,anjali.chatterjee833@acme.com,Female,6.56719E+11,Singapore,1/28/1989
834,Meera,Malhotra,meera.malhotra834@wayneenterprises.com,Other,18410730493,Canada,8/16/2005
835,Neha,Mehta,neha.mehta835@wayneenterprises.com,Female,3.32571E+11,France,6/20/1994
836,Meera,Jain,meera.jain836@yahoo.com,Male,15867721800,USA,6/16/1988
837,Meera,Ahuja,meera.ahuja837@umbrella-corp.com,Male,4.49813E+11,UK,10/19/1993
838,Neha,Das,neha.das838@yahoo.com,Male,13084307528,Canada,5/13/1988
839,Arjun,Sharma,arjun.sharma839@gmail.com,Other,9.17539E+11,India,7/19/1972
840,Meera,Khanna,meera.khanna840@yahoo.com,Other,9.19475E+11,India,9/21/1996
841,Neha,Verma,neha.verma841@outlook.com,Female,9.17894E+11,India,12/4/1995
842,Sanya,Mehta,sanya.mehta842@protonmail.com,Female,6.5791E+11,Singapore,9/22/1988
843,Arjun,Malhotra,arjun.malhotra843@outlook.com,Male,19437834503,Canada,4/7/1991
844,Meera,Bansal,meera.bansal844@umbrella-corp.com,Female,12611554698,Canada,1/5/1974
845,Rahul,Ghosh,rahul.ghosh845@initech.com,Other,6.58437E+11,Singapore,10/21/1973
846,Meera,Singh,meera.singh846@globex.com,Male,3.31142E+11,France,2/4/1972
847,Sanya,Malhotra,sanya.malhotra847@yahoo.com,Other,14018322439,Canada,4/26/2002
848,Arjun,Rao,arjun.rao848@starkindustries.com,Female,6.173E+11,Australia,3/17/1972
849,Aarav,Agarwal,aarav.agarwal849@globex.com,Female,3.3437E+11,France,7/24/2003
850,Karan,Khanna,karan.khanna850@yahoo.com,Other,6.18222E+11,Australia,3/8/2002
851,Vivaan,Verma,vivaan.verma851@acme.com,Other,6.58318E+11,Singapore,3/28/1970
852,Priya,Iyer,priya.iyer852@umbrella-corp.com,Female,6.16646E+11,Australia,10/10/1993
853,Aditya,Rao,aditya.rao853@wayneenterprises.com,Male,17712768913,USA,6/18/1998
854,Neha,Kapoor,neha.kapoor854@acme.com,Male,6.18775E+11,Australia,8/22/1974
855,Rohit,Sharma,rohit.sharma855@outlook.com,Female,6.16516E+11,Australia,11/29/1983
856,Sanya,Khanna,sanya.khanna856@wayneenterprises.com,Other,14837561524,USA,8/17/1970
857,Karan,Singh,karan.singh857@initech.com,Male,3.31771E+11,France,12/4/1980
858,Neha,Chatterjee,neha.chatterjee858@globex.com,Other,3.34294E+11,France,2/20/1995
859,Kavya,Kumar,kavya.kumar859@wayneenterprises.com,Other,6.58164E+11,Singapore,12/2/1971
860,Riya,Ghosh,riya.ghosh860@acme.com,Female,4.96831E+11,Germany,5/26/1992
861,Pooja,Agarwal,pooja.agarwal861@globex.com,Female,9.19893E+11,India,6/27/1973
862,Arjun,Jain,arjun.jain862@gmail.com,Other,4.43888E+11,UK,10/8/1987
863,Aditya,Kumar,aditya.kumar863@gmail.com,Female,9.17468E+11,India,12/18/1981
864,Meera,Verma,meera.verma864@gmail.com,Other,3.34841E+11,France,8/3/1977
865,Vivaan,Agarwal,vivaan.agarwal865@umbrella-corp.com,Other,6.18819E+11,Australia,8/21/1981
866,Amit,Gupta,amit.gupta866@outlook.com,Male,33781014869,France,2/26/1996
867,Aditya,Banerjee,aditya.banerjee867@initech.com,Other,9.17932E+11,India,3/16/1986
868,Karan,Verma,karan.verma868@initech.com,Other,6.58877E+11,Singapore,6/13/1983
869,Anita,Kumar,anita.kumar869@acme.com,Female,9.19064E+11,India,3/2/1992
870,Nisha,Sharma,nisha.sharma870@outlook.com,Female,6.56984E+11,Singapore,2/26/1997
871,Vihaan,Jain,vihaan.jain871@outlook.com,Female,6.16581E+11,Australia,6/21/1982
872,Sanya,Singh,sanya.singh872@acme.com,Other,18543431602,USA,1/26/1997
873,Arjun,Kumar,arjun.kumar873@gmail.com,Other,4.91774E+11,Germany,6/3/1997
874,Anita,Bansal,anita.bansal874@initech.com,Male,6.19349E+11,Australia,4/1/1986
875,Anita,Ghosh,anita.ghosh875@starkindustries.com,Female,18552434348,Canada,10/11/1981
876,Arjun,Kapoor,arjun.kapoor876@gmail.com,Female,9.18986E+11,India,1/8/1984
877,Amit,Mehta,amit.mehta877@gmail.com,Other,3.39179E+11,France,10/20/2004
878,Neha,Iyer,neha.iyer878@yahoo.com,Other,49542500612,Germany,7/16/1979
879,Meera,Patel,meera.patel879@initech.com,Other,15786988305,Canada,5/7/1987
880,Karan,Jain,karan.jain880@protonmail.com,Female,44760917709,UK,6/14/1990
881,Arjun,Banerjee,arjun.banerjee881@wayneenterprises.com,Female,16580616547,Canada,4/23/2000
882,Riya,Rao,riya.rao882@umbrella-corp.com,Male,3.33319E+11,France,7/7/1980
883,Amit,Rao,amit.rao883@umbrella-corp.com,Female,3.35901E+11,France,10/24/1996
884,Karan,Khanna,karan.khanna884@yahoo.com,Female,4.41359E+11,UK,9/10/1971
885,Nisha,Das,nisha.das885@initech.com,Female,4.93192E+11,Germany,12/12/1998
886,Rohit,Iyer,rohit.iyer886@wayneenterprises.com,Male,14099383210,Canada,4/2/1973
887,Karan,Das,karan.das887@umbrella-corp.com,Female,4.91572E+11,Germany,10/8/1979
888,Riya,Jain,riya.jain888@umbrella-corp.com,Other,6.58216E+11,Singapore,5/8/1996
889,Vihaan,Ahuja,vihaan.ahuja889@globex.com,Male,6.57412E+11,Singapore,7/30/1995
890,Aditya,Patel,aditya.patel890@globex.com,Other,9.19244E+11,India,6/28/2004
891,Karan,Iyer,karan.iyer891@initech.com,Male,9.17279E+11,India,3/11/2004
892,Karan,Ghosh,karan.ghosh892@outlook.com,Other,3.36657E+11,France,1/13/1990
893,Anita,Mehta,anita.mehta893@globex.com,Male,19927898944,Canada,12/3/1989
894,Pooja,Chatterjee,pooja.chatterjee894@globex.com,Male,9.16573E+11,India,1/30/1987
895,Sanya,Patel,sanya.patel895@wayneenterprises.com,Female,6.5735E+11,Singapore,4/25/2005
896,Riya,Patel,riya.patel896@gmail.com,Other,9.16134E+11,India,3/29/1983
897,Karan,Das,karan.das897@outlook.com,Other,17278440414,USA,2/10/1992
898,Anjali,Sharma,anjali.sharma898@umbrella-corp.com,Other,4.4996E+11,UK,11/16/2004
899,Aditya,Ahuja,aditya.ahuja899@starkindustries.com,Female,6.17308E+11,Australia,8/6/1977
900,Anita,Kapoor,anita.kapoor900@umbrella-corp.com,Female,14201073830,USA,11/11/1993
901,Anita,Agarwal,anita.agarwal901@globex.com,Male,6.58015E+11,Singapore,3/1/1992
902,Amit,Mehta,amit.mehta902@starkindustries.com,Male,15650638722,USA,10/16/1972
903,Vihaan,Verma,vihaan.verma903@outlook.com,Female,3.37727E+11,France,4/5/1978
904,Vihaan,Ghosh,vihaan.ghosh904@starkindustries.com,Female,18428151241,Canada,10/12/1978
905,Meera,Iyer,meera.iyer905@wayneenterprises.com,Female,6.57658E+11,Singapore,3/19/1979
906,Sanya,Rao,sanya.rao906@wayneenterprises.com,Other,3.31566E+11,France,10/26/1993
907,Aditya,Mehta,aditya.mehta907@wayneenterprises.com,Male,6.56361E+11,Singapore,8/5/1982
908,Meera,Bansal,meera.bansal908@starkindustries.com,Other,15813341729,Canada,2/15/1992
909,Rohit,Iyer,rohit.iyer909@globex.com,Other,4.9219E+11,Germany,9/12/2003
910,Karan,Malhotra,karan.malhotra910@globex.com,Female,17304734660,USA,12/6/1996
911,Rohit,Mehta,rohit.mehta911@gmail.com,Male,9.16071E+11,India,10/24/1978
912,Aarav,Kumar,aarav.kumar912@protonmail.com,Other,4.96773E+11,Germany,8/12/1988
913,Rohit,Agarwal,rohit.agarwal913@protonmail.com,Other,6.57231E+11,Singapore,10/27/1970
914,Anjali,Khanna,anjali.khanna914@umbrella-corp.com,Female,18732994398,USA,3/8/1989
915,Anjali,Banerjee,anjali.banerjee915@initech.com,Other,4.48111E+11,UK,8/13/1986
916,Karan,Singh,karan.singh916@initech.com,Other,6.57584E+11,Singapore,4/23/1983
917,Nisha,Rao,nisha.rao917@outlook.com,Male,3.32318E+11,France,11/29/1984
918,Amit,Patel,amit.patel918@umbrella-corp.com,Other,4.48011E+11,UK,7/31/1985
919,Rahul,Khanna,rahul.khanna919@gmail.com,Other,3.31952E+11,France,11/17/1997
920,Kavya,Verma,kavya.verma920@initech.com,Female,6.58182E+11,Singapore,6/23/1988
921,Priya,Jain,priya.jain921@acme.com,Other,44575968846,UK,11/3/1981
922,Vivaan,Ahuja,vivaan.ahuja922@acme.com,Male,9.1668E+11,India,10/26/2005
923,Aditya,Ahuja,aditya.ahuja923@globex.com,Male,49152793511,Germany,5/8/1987
924,Vihaan,Patel,vihaan.patel924@starkindustries.com,Female,6.59653E+11,Singapore,12/25/1977
925,Sanya,Sharma,sanya.sharma925@umbrella-corp.com,Other,18371253781,Canada,3/22/2004
926,Karan,Das,karan.das926@protonmail.com,Female,6.19052E+11,Australia,2/20/2000
927,Pooja,Kapoor,pooja.kapoor927@starkindustries.com,Other,4.95784E+11,Germany,10/2/1972
928,Vihaan,Patel,vihaan.patel928@acme.com,Male,3.39845E+11,France,2/26/1980
929,Pooja,Chatterjee,pooja.chatterjee929@starkindustries.com,Other,17777873241,Canada,6/26/1999
930,Sai,Banerjee,sai.banerjee930@outlook.com,Other,6.5884E+11,Singapore,9/5/1977
931,Priya,Ahuja,priya.ahuja931@yahoo.com,Male,6.18106E+11,Australia,11/1/1988
932,Neha,Iyer,neha.iyer932@starkindustries.com,Other,17008914683,USA,11/22/2005
933,Rahul,Kapoor,rahul.kapoor933@wayneenterprises.com,Female,17833911067,Canada,9/19/1982
934,Anita,Ahuja,anita.ahuja934@gmail.com,Female,3.3516E+11,France,2/29/1972
935,Sanya,Singh,sanya.singh935@gmail.com,Female,4.48474E+11,UK,11/30/2001
936,Rohit,Gupta,rohit.gupta936@outlook.com,Male,4.4211E+11,UK,2/21/1986
937,Priya,Chatterjee,priya.chatterjee937@gmail.com,Other,9.16251E+11,India,11/15/1981
938,Meera,Verma,meera.verma938@acme.com,Male,9.19365E+11,India,3/3/1989
939,Kavya,Bansal,kavya.bansal939@yahoo.com,Male,4.4351E+11,UK,1/11/1978
940,Neha,Rao,neha.rao940@umbrella-corp.com,Male,4.97747E+11,Germany,1/11/1971
941,Meera,Bansal,meera.bansal941@globex.com,Female,49548841152,Germany,5/4/1981
942,Priya,Jain,priya.jain942@globex.com,Female,4.9268E+11,Germany,3/24/1994
943,Vihaan,Rao,vihaan.rao943@protonmail.com,Female,3.32709E+11,France,4/28/1988
944,Priya,Chatterjee,priya.chatterjee944@outlook.com,Female,14453371594,USA,6/27/1993
945,Anjali,Das,anjali.das945@acme.com,Other,6.5637E+11,Singapore,11/6/1975
946,Meera,Rao,meera.rao946@yahoo.com,Other,6.18737E+11,Australia,9/11/1982
947,Sanya,Jain,sanya.jain947@acme.com,Female,12769774668,USA,3/12/1982
948,Aditya,Mehta,aditya.mehta948@acme.com,Other,3.38406E+11,France,9/28/2005
949,Rahul,Iyer,rahul.iyer949@wayneenterprises.com,Other,3.37699E+11,France,7/21/1977
950,Neha,Kapoor,neha.kapoor950@umbrella-corp.com,Male,6.17804E+11,Australia,7/3/2004
951,Vihaan,Iyer,vihaan.iyer951@globex.com,Other,6.59759E+11,Singapore,11/6/1984
952,Rohit,Kapoor,rohit.kapoor952@globex.com,Female,4.44584E+11,UK,5/22/1983
953,Karan,Verma,karan.verma953@yahoo.com,Male,4.92332E+11,Germany,11/26/1991
954,Meera,Ahuja,meera.ahuja954@starkindustries.com,Other,9.18659E+11,India,2/26/1985
955,Neha,Verma,neha.verma955@acme.com,Male,6.1838E+11,Australia,5/23/1972
956,Anjali,Sharma,anjali.sharma956@acme.com,Female,6.18018E+11,Australia,5/31/1993
957,Kavya,Ghosh,kavya.ghosh957@acme.com,Male,17085554782,USA,3/28/1976
958,Meera,Das,meera.das958@gmail.com,Male,12579585273,Canada,11/2/1993
959,Arjun,Ahuja,arjun.ahuja959@outlook.com,Male,6.18765E+11,Australia,1/22/1998
960,Aarav,Rao,aarav.rao960@wayneenterprises.com,Female,9.19475E+11,India,9/5/1989
961,Nisha,Chatterjee,nisha.chatterjee961@globex.com,Male,6.56859E+11,Singapore,1/30/2003
962,Neha,Kumar,neha.kumar962@protonmail.com,Other,18937880863,USA,8/3/1983
963,Amit,Chatterjee,amit.chatterjee963@starkindustries.com,Other,9.19802E+11,India,8/23/1993
964,Nisha,Kapoor,nisha.kapoor964@globex.com,Male,19354614671,USA,6/20/1985
965,Vivaan,Singh,vivaan.singh965@protonmail.com,Other,12703943574,Canada,5/4/1983
966,Meera,Agarwal,meera.agarwal966@starkindustries.com,Other,6.59663E+11,Singapore,10/24/1975
967,Sanya,Ghosh,sanya.ghosh967@acme.com,Female,6.19069E+11,Australia,9/2/1999
968,Anjali,Ghosh,anjali.ghosh968@wayneenterprises.com,Female,6.56488E+11,Singapore,11/30/1982
969,Riya,Ahuja,riya.ahuja969@outlook.com,Female,6.1783E+11,Australia,4/18/1997
970,Kavya,Kapoor,kavya.kapoor970@umbrella-corp.com,Other,4.99501E+11,Germany,3/27/1992
971,Meera,Singh,meera.singh971@gmail.com,Male,12499905233,USA,8/4/1999
972,Vihaan,Singh,vihaan.singh972@protonmail.com,Male,3.37859E+11,France,7/28/1999
973,Rohit,Das,rohit.das973@acme.com,Other,17753017649,USA,6/28/1973
974,Anjali,Iyer,anjali.iyer974@protonmail.com,Male,12234143951,USA,10/16/2003
975,Anjali,Ahuja,anjali.ahuja975@starkindustries.com,Female,9.19661E+11,India,6/14/1981
976,Anjali,Agarwal,anjali.agarwal976@protonmail.com,Female,18326560205,Canada,6/12/2004
977,Rohit,Rao,rohit.rao977@yahoo.com,Female,3.35694E+11,France,1/18/2004
978,Anjali,Kumar,anjali.kumar978@starkindustries.com,Other,4.45693E+11,UK,3/18/1985
979,Riya,Patel,riya.patel979@globex.com,Male,16477482768,USA,4/20/1994
980,Riya,Das,riya.das980@outlook.com,Other,44643523126,UK,12/20/1985
981,Arjun,Rao,arjun.rao981@yahoo.com,Male,18206349157,USA,2/27/1981
982,Anita,Singh,anita.singh982@acme.com,Other,4.93398E+11,Germany,1/30/1984
983,Meera,Mehta,meera.mehta983@gmail.com,Male,3.35547E+11,France,1/29/1980
984,Pooja,Khanna,pooja.khanna984@starkindustries.com,Female,15192956523,USA,7/17/1982
985,Arjun,Sharma,arjun.sharma985@outlook.com,Male,4.96719E+11,Germany,6/22/2000
986,Vihaan,Sharma,vihaan.sharma986@gmail.com,Other,14697541174,USA,4/18/1977
987,Riya,Bansal,riya.bansal987@initech.com,Female,6.17957E+11,Australia,2/13/1977
988,Aarav,Rao,aarav.rao988@starkindustries.com,Female,9.16714E+11,India,2/19/1979
989,Priya,Banerjee,priya.banerjee989@wayneenterprises.com,Male,6.56682E+11,Singapore,3/11/2001
990,Neha,Bansal,neha.bansal990@gmail.com,Other,6.19539E+11,Australia,3/20/2005
991,Anjali,Patel,anjali.patel991@protonmail.com,Male,9.16245E+11,India,7/24/1998
992,Priya,Singh,priya.singh992@outlook.com,Male,3.36121E+11,France,4/16/1977
993,Aarav,Banerjee,aarav.banerjee993@starkindustries.com,Other,4.47749E+11,UK,5/26/1975
994,Anita,Malhotra,anita.malhotra994@protonmail.com,Female,9.16186E+11,India,7/16/1991
995,Priya,Iyer,priya.iyer995@yahoo.com,Male,6.58382E+11,Singapore,3/12/1998
996,Sanya,Patel,sanya.patel996@protonmail.com,Female,9.19007E+11,India,8/6/1988
997,Karan,Rao,karan.rao997@initech.com,Other,16087673097,Canada,10/16/1995
998,Anita,Malhotra,anita.malhotra998@umbrella-corp.com,Male,16601954769,USA,4/12/1981
999,Arjun,Kumar,arjun.kumar999@wayneenterprises.com,Other,15957462363,Canada,8/8/1992
1000,Priya,Khanna,priya.khanna1000@umbrella-corp.com,Other,6.17242E+11,Australia,12/19/2005
